<ns0:record xmlns:ns0="http://www.openarchives.org/OAI/2.0/" xmlns:ns1="http://www.lido-schema.org" xmlns:xsi="http://www.w3.org/2001/XMLSchema-instance"><ns0:header><ns0:identifier>oai:DE-MUS-048017:3438z</ns0:identifier><ns0:datestamp>2023-06-28T13:29:01Z</ns0:datestamp><ns0:setSpec>scope:graphics</ns0:setSpec></ns0:header><ns0:metadata><ns1:lidoWrap xsi:schemaLocation="http://www.lido-schema.org http://www.lido-schema.org/schema/v1.0/lido-v1.0.xsd"><ns1:lido><ns1:lidoRecID ns1:type="http://terminology.lido-schema.org/identifier_type/local_identifier" ns1:source="http://ld.zdb-services.de/resource/organisations/DE-MUS-048017">DE-MUS-048017/lido/3438z</ns1:lidoRecID><ns1:objectPublishedID ns1:type="http://terminology.lido-schema.org/identifier_type/local_identifier" ns1:source="http://ld.zdb-services.de/resource/organisations/DE-MUS-048017">DE-MUS-048017/object/3438z</ns1:objectPublishedID><ns1:descriptiveMetadata xml:lang="de"><ns1:objectClassificationWrap><ns1:objectWorkTypeWrap><ns1:objectWorkType><ns1:conceptID ns1:type="http://terminology.lido-schema.org/identifier_type/uri" ns1:source="http://d-nb.info/" ns1:pref="preferred">http://d-nb.info/gnd/4127900-1</ns1:conceptID><ns1:term ns1:pref="preferred" xml:lang="de">Zeichnung</ns1:term><ns1:term ns1:pref="preferred" xml:lang="en">drawing</ns1:term></ns1:objectWorkType><ns1:objectWorkType><ns1:term ns1:pref="alternative" xml:lang="de">Figurenstudie</ns1:term><ns1:term ns1:pref="alternative" xml:lang="en">figure study</ns1:term></ns1:objectWorkType></ns1:objectWorkTypeWrap><ns1:classificationWrap /></ns1:objectClassificationWrap><ns1:objectIdentificationWrap><ns1:titleWrap><ns1:titleSet ns1:type="http://vocab.getty.edu/aat/300417200"><ns1:appellationValue ns1:pref="preferred" xml:lang="de">Unter Geb&#252;sch eine schlafende Frau</ns1:appellationValue><ns1:appellationValue ns1:pref="preferred" xml:lang="en">Unter Geb&#252;sch eine schlafende Frau</ns1:appellationValue></ns1:titleSet></ns1:titleWrap><ns1:repositoryWrap><ns1:repositorySet ns1:type="http://terminology.lido-schema.org/repositorySet_type/current_repository_or_location"><ns1:repositoryName><ns1:legalBodyID ns1:type="http://terminology.lido-schema.org/identifier_type/uri" ns1:source="ISIL (ISO 15511)">http://ld.zdb-services.de/resource/organisations/DE-MUS-048017</ns1:legalBodyID><ns1:legalBodyName><ns1:appellationValue>St&#228;del Museum, Frankfurt</ns1:appellationValue></ns1:legalBodyName><ns1:legalBodyWeblink>https://www.staedelmuseum.de</ns1:legalBodyWeblink></ns1:repositoryName><ns1:workID ns1:type="Objekt ID">3438 Z</ns1:workID><ns1:workID ns1:type="Inventarnummer">3438</ns1:workID><ns1:repositoryLocation><ns1:placeID ns1:type="http://terminology.lido-schema.org/identifier_type/uri" ns1:source="http://d-nb.info/">http://d-nb.info/gnd/4018118-2</ns1:placeID><ns1:namePlaceSet><ns1:appellationValue>Frankfurt am Main</ns1:appellationValue></ns1:namePlaceSet><ns1:placeClassification ns1:type="http://terminology.lido-schema.org/identifier_type/local_identifier"><ns1:conceptID ns1:type="http://terminology.lido-schema.org/identifier_type/local_identifier">Graphische Sammlung</ns1:conceptID><ns1:term xml:lang="de">Kann im Studiensaal der Graphischen Sammlung vorgelegt werden (besondere &#214;ffnungszeiten)</ns1:term><ns1:term xml:lang="en">Can be presented in the study room of the Graphische Sammlung (special opening hours)</ns1:term></ns1:placeClassification></ns1:repositoryLocation></ns1:repositorySet></ns1:repositoryWrap><ns1:objectMeasurementsWrap><ns1:objectMeasurementsSet><ns1:displayObjectMeasurements xml:lang="de">Blatt: 74 x 87 mm</ns1:displayObjectMeasurements><ns1:displayObjectMeasurements xml:lang="en">Blatt: 74 x 87 mm</ns1:displayObjectMeasurements><ns1:objectMeasurements><ns1:measurementsSet><ns1:measurementType xml:lang="de">H&#246;he</ns1:measurementType><ns1:measurementType xml:lang="en">height</ns1:measurementType><ns1:measurementUnit>mm</ns1:measurementUnit><ns1:measurementValue>74</ns1:measurementValue></ns1:measurementsSet><ns1:measurementsSet><ns1:measurementType xml:lang="de">Breite</ns1:measurementType><ns1:measurementType xml:lang="en">width</ns1:measurementType><ns1:measurementUnit>mm</ns1:measurementUnit><ns1:measurementValue>87</ns1:measurementValue></ns1:measurementsSet><ns1:extentMeasurements>Blatt</ns1:extentMeasurements></ns1:objectMeasurements></ns1:objectMeasurementsSet></ns1:objectMeasurementsWrap></ns1:objectIdentificationWrap><ns1:eventWrap><ns1:eventSet><ns1:event><ns1:eventType><ns1:conceptID ns1:type="http://terminology.lido-schema.org/identifier_type/uri" ns1:source="http://terminology.lido-schema.org/eventType">http://terminology.lido-schema.org/eventType/production</ns1:conceptID><ns1:term xml:lang="en">Production</ns1:term></ns1:eventType><ns1:eventActor ns1:sortorder="1"><ns1:displayActorInRole xml:lang="de">Jakob F&#252;rchtegott Dielmann (1809 - 1885)   Zeichner</ns1:displayActorInRole><ns1:displayActorInRole xml:lang="en">Jakob F&#252;rchtegott Dielmann (1809 - 1885)   draughtsman</ns1:displayActorInRole><ns1:actorInRole><ns1:actor ns1:type="http://terminology.lido-schema.org/actor_type/person"><ns1:actorID ns1:type="http://terminology.lido-schema.org/identifier_type/uri" ns1:source="http://d-nb.info/" ns1:pref="preferred">http://d-nb.info/gnd/118702424</ns1:actorID><ns1:nameActorSet><ns1:appellationValue xml:lang="de">Dielmann, Jakob F&#252;rchtegott</ns1:appellationValue><ns1:appellationValue xml:lang="en">Dielmann, Jakob F&#252;rchtegott</ns1:appellationValue></ns1:nameActorSet><ns1:vitalDatesActor><ns1:earliestDate ns1:type="birthDate">1809</ns1:earliestDate><ns1:latestDate ns1:type="deathDate">1885</ns1:latestDate></ns1:vitalDatesActor></ns1:actor><ns1:roleActor><ns1:conceptID ns1:type="http://terminology.lido-schema.org/identifier_type/uri" ns1:source="http://d-nb.info/" ns1:pref="preferred">http://d-nb.info/gnd/4200345-3</ns1:conceptID><ns1:term xml:lang="de">Zeichner</ns1:term><ns1:term xml:lang="en">draughtsman</ns1:term></ns1:roleActor></ns1:actorInRole></ns1:eventActor><ns1:culture><ns1:conceptID ns1:type="http://terminology.lido-schema.org/identifier_type/uri" ns1:source="http://d-nb.info/" ns1:pref="preferred">http://d-nb.info/gnd/4011882-4</ns1:conceptID><ns1:term xml:lang="de">Deutsch</ns1:term><ns1:term xml:lang="en">German</ns1:term></ns1:culture><ns1:eventMaterialsTech><ns1:displayMaterialsTech xml:lang="de">Bleistift auf Papier</ns1:displayMaterialsTech><ns1:materialsTech><ns1:termMaterialsTech ns1:type="http://terminology.lido-schema.org/termMaterialsTech_type/material"><ns1:term xml:lang="de">Grafit-Ton-Gemisch</ns1:term><ns1:term xml:lang="en">graphite-clay mixture</ns1:term></ns1:termMaterialsTech><ns1:termMaterialsTech ns1:type="http://terminology.lido-schema.org/termMaterialsTech_type/material"><ns1:conceptID ns1:type="http://terminology.lido-schema.org/identifier_type/uri" ns1:source="http://d-nb.info/" ns1:pref="preferred">http://d-nb.info/gnd/4044522-7</ns1:conceptID><ns1:term xml:lang="de">Papier</ns1:term><ns1:term xml:lang="en">paper</ns1:term></ns1:termMaterialsTech><ns1:termMaterialsTech ns1:type="http://terminology.lido-schema.org/termMaterialsTech_type/technique"><ns1:conceptID ns1:type="http://terminology.lido-schema.org/identifier_type/uri" ns1:source="http://d-nb.info/" ns1:pref="preferred">http://d-nb.info/gnd/4122084-5</ns1:conceptID><ns1:term xml:lang="de">Bleistiftzeichnung</ns1:term><ns1:term xml:lang="en">pencil drawing</ns1:term></ns1:termMaterialsTech></ns1:materialsTech></ns1:eventMaterialsTech><ns1:eventMaterialsTech><ns1:displayMaterialsTech>Nicht gepr&#252;ft</ns1:displayMaterialsTech><ns1:materialsTech><ns1:termMaterialsTech ns1:type="http://terminology.lido-schema.org/lido00427"><ns1:term>Nicht gepr&#252;ft</ns1:term></ns1:termMaterialsTech></ns1:materialsTech></ns1:eventMaterialsTech></ns1:event></ns1:eventSet><ns1:eventSet><ns1:event><ns1:eventType><ns1:conceptID ns1:type="http://terminology.lido-schema.org/identifier_type/uri" ns1:source="http://terminology.lido-schema.org/eventType">http://terminology.lido-schema.org/eventType/acquisition</ns1:conceptID><ns1:term xml:lang="en">Acquisition</ns1:term></ns1:eventType><ns1:eventDescriptionSet><ns1:descriptiveNoteValue xml:lang="de">Erworben 1863 vom K&#252;nstler</ns1:descriptiveNoteValue><ns1:descriptiveNoteValue xml:lang="en">Acquired in 1863 from the artist</ns1:descriptiveNoteValue></ns1:eventDescriptionSet></ns1:event></ns1:eventSet></ns1:eventWrap><ns1:objectRelationWrap><ns1:subjectWrap><ns1:subjectSet><ns1:subject><ns1:subjectConcept><ns1:conceptID ns1:type="http://terminology.lido-schema.org/identifier_type/uri" ns1:source="http://iconclass.org" ns1:pref="preferred">http://iconclass.org/31D15(+56)</ns1:conceptID><ns1:term xml:lang="de">erwachsene Frau (+liegen)</ns1:term><ns1:term xml:lang="en">adult woman (+ lying)</ns1:term></ns1:subjectConcept><ns1:subjectConcept><ns1:conceptID ns1:type="http://terminology.lido-schema.org/identifier_type/uri" ns1:source="http://iconclass.org" ns1:pref="preferred">http://iconclass.org/31AA26128</ns1:conceptID><ns1:term xml:lang="de">mit gebeugten Beinen, die heraufgezogen oder nach oben gestreckt sind, sitzen oder liegen - AA - weibliche Figur</ns1:term><ns1:term xml:lang="en">sitting or lying with bent legs drawn up or raised - AA - female human figure</ns1:term></ns1:subjectConcept><ns1:subjectConcept><ns1:conceptID ns1:type="http://terminology.lido-schema.org/identifier_type/uri" ns1:source="http://iconclass.org" ns1:pref="preferred">http://iconclass.org/31BB13</ns1:conceptID><ns1:term xml:lang="de">auf dem Boden schlafen - BB - im Freien</ns1:term><ns1:term xml:lang="en">sleeping on the ground - BB - out of doors</ns1:term></ns1:subjectConcept><ns1:subjectConcept><ns1:conceptID ns1:type="http://terminology.lido-schema.org/identifier_type/uri" ns1:source="http://d-nb.info/" ns1:pref="preferred">http://d-nb.info/gnd/4156650-6</ns1:conceptID><ns1:conceptID ns1:type="http://terminology.lido-schema.org/identifier_type/local_identifier" ns1:pref="alternative">Motivgattung</ns1:conceptID><ns1:term xml:lang="de">Genre</ns1:term><ns1:term xml:lang="en">genre</ns1:term></ns1:subjectConcept></ns1:subject></ns1:subjectSet></ns1:subjectWrap><ns1:relatedWorksWrap /></ns1:objectRelationWrap></ns1:descriptiveMetadata><ns1:administrativeMetadata xml:lang="de"><ns1:rightsWorkWrap><ns1:rightsWorkSet><ns1:rightsType><ns1:conceptID ns1:type="http://terminology.lido-schema.org/lido00099">https://creativecommons.org/publicdomain/mark/1.0</ns1:conceptID><ns1:term>Public Domain Mark 1.0</ns1:term></ns1:rightsType><ns1:creditLine>Public Domain</ns1:creditLine></ns1:rightsWorkSet></ns1:rightsWorkWrap><ns1:recordWrap><ns1:recordID ns1:type="http://terminology.lido-schema.org/identifier_type/local_identifier">10928</ns1:recordID><ns1:recordType><ns1:conceptID ns1:type="http://terminology.lido-schema.org/identifier_type/uri" ns1:source="http://terminology.lido-schema.org/recordType">http://terminology.lido-schema.org/recordType/item-level_record</ns1:conceptID><ns1:term xml:lang="de">Einzelobjekt</ns1:term><ns1:term xml:lang="en">Item-level record</ns1:term></ns1:recordType><ns1:recordSource><ns1:legalBodyID ns1:type="http://terminology.lido-schema.org/identifier_type/uri" ns1:source="ISIL (ISO 15511)">http://ld.zdb-services.de/resource/organisations/DE-MUS-048017</ns1:legalBodyID><ns1:legalBodyName><ns1:appellationValue>St&#228;del Museum</ns1:appellationValue></ns1:legalBodyName></ns1:recordSource><ns1:recordRights><ns1:rightsType><ns1:conceptID ns1:type="http://terminology.lido-schema.org/identifier_type/uri" ns1:source="http://creativecommons.org">https://creativecommons.org/publicdomain/zero/1.0/</ns1:conceptID><ns1:term>CC0 1.0 Universal (CC0 1.0)</ns1:term></ns1:rightsType><ns1:rightsHolder><ns1:legalBodyID ns1:type="http://terminology.lido-schema.org/identifier_type/uri" ns1:source="ISIL (ISO 15511)">http://ld.zdb-services.de/resource/organisations/DE-MUS-048017</ns1:legalBodyID><ns1:legalBodyName><ns1:appellationValue>St&#228;del Museum, Frankfurt</ns1:appellationValue></ns1:legalBodyName></ns1:rightsHolder></ns1:recordRights><ns1:recordInfoSet><ns1:recordInfoLink>https://www.staedelmuseum.de/go/ds/3438z</ns1:recordInfoLink></ns1:recordInfoSet></ns1:recordWrap><ns1:resourceWrap><ns1:resourceSet ns1:sortorder="1"><ns1:resourceID ns1:type="http://terminology.lido-schema.org/identifier_type/local_identifier">9f6520445d3fbc9cec824e60a299f926-3</ns1:resourceID><ns1:resourceRepresentation ns1:type="http://terminology.lido-schema.org/lido00451"><ns1:linkResource ns1:formatResource="image/jpeg">https://sammlung.staedelmuseum.de/images/10928/thumb-lg.jpg</ns1:linkResource></ns1:resourceRepresentation><ns1:resourceRepresentation ns1:type="http://terminology.lido-schema.org/lido00451"><ns1:linkResource ns1:formatResource="image/jpeg">https://sammlung.staedelmuseum.de/images/10928/thumb-xl.jpg</ns1:linkResource></ns1:resourceRepresentation><ns1:resourceRepresentation ns1:type="http://terminology.lido-schema.org/lido00464"><ns1:linkResource ns1:formatResource="image/png">https://sammlung.staedelmuseum.de/de/werk/unter-gebuesch-eine-schlafende-frau/download?sources=__default__&amp;token=c7f34dc851bb76cc3abdaab0b1c2bb9f</ns1:linkResource></ns1:resourceRepresentation><ns1:rightsResource><ns1:rightsType><ns1:conceptID ns1:type="http://terminology.lido-schema.org/lido00099">https://creativecommons.org/publicdomain/mark/1.0</ns1:conceptID><ns1:term>Public Domain Mark 1.0</ns1:term></ns1:rightsType><ns1:creditLine>Public Domain</ns1:creditLine></ns1:rightsResource></ns1:resourceSet></ns1:resourceWrap></ns1:administrativeMetadata></ns1:lido></ns1:lidoWrap></ns0:metadata></ns0:record>