<ns0:record xmlns:ns0="http://www.openarchives.org/OAI/2.0/" xmlns:ns1="http://www.lido-schema.org" xmlns:xsi="http://www.w3.org/2001/XMLSchema-instance"><ns0:header><ns0:identifier>oai:DE-MUS-048017:sg1987z</ns0:identifier><ns0:datestamp>2024-12-20T12:06:55Z</ns0:datestamp><ns0:setSpec>scope:graphics</ns0:setSpec></ns0:header><ns0:metadata><ns1:lidoWrap xsi:schemaLocation="http://www.lido-schema.org http://www.lido-schema.org/schema/v1.0/lido-v1.0.xsd"><ns1:lido><ns1:lidoRecID ns1:type="http://terminology.lido-schema.org/identifier_type/local_identifier" ns1:source="http://ld.zdb-services.de/resource/organisations/DE-MUS-048017">DE-MUS-048017/lido/sg1987z</ns1:lidoRecID><ns1:objectPublishedID ns1:type="http://terminology.lido-schema.org/identifier_type/local_identifier" ns1:source="http://ld.zdb-services.de/resource/organisations/DE-MUS-048017">DE-MUS-048017/object/sg1987z</ns1:objectPublishedID><ns1:descriptiveMetadata xml:lang="de"><ns1:objectClassificationWrap><ns1:objectWorkTypeWrap><ns1:objectWorkType><ns1:conceptID ns1:type="http://terminology.lido-schema.org/identifier_type/uri" ns1:source="http://d-nb.info/" ns1:pref="preferred">http://d-nb.info/gnd/4127900-1</ns1:conceptID><ns1:term ns1:pref="preferred" xml:lang="de">Zeichnung</ns1:term><ns1:term ns1:pref="preferred" xml:lang="en">drawing</ns1:term></ns1:objectWorkType><ns1:objectWorkType><ns1:term ns1:pref="alternative" xml:lang="de">Bildm&#228;&#223;ige Zeichnung</ns1:term><ns1:term ns1:pref="alternative" xml:lang="en">Pictorial drawing</ns1:term></ns1:objectWorkType><ns1:objectWorkType><ns1:term ns1:pref="alternative" xml:lang="de">Entwurf f&#252;r eine Deckenmalerei</ns1:term><ns1:term ns1:pref="alternative" xml:lang="en">ceiling painting design</ns1:term></ns1:objectWorkType></ns1:objectWorkTypeWrap><ns1:classificationWrap /></ns1:objectClassificationWrap><ns1:objectIdentificationWrap><ns1:titleWrap><ns1:titleSet ns1:type="http://vocab.getty.edu/aat/300417200"><ns1:appellationValue ns1:pref="preferred" xml:lang="de">M&#228;rz. Entwurf zur Decke im Caf&#233; Bauer, bestehend aus sechs Teilen</ns1:appellationValue><ns1:appellationValue ns1:pref="preferred" xml:lang="en">M&#228;rz. Entwurf zur Decke im Caf&#233; Bauer, bestehend aus sechs Teilen</ns1:appellationValue></ns1:titleSet><ns1:titleSet ns1:type="http://vocab.getty.edu/aat/300417203"><ns1:appellationValue ns1:pref="alternative" xml:lang="de">M&#228;rz</ns1:appellationValue></ns1:titleSet></ns1:titleWrap><ns1:inscriptionsWrap><ns1:inscriptions ns1:type="Inschrift"><ns1:inscriptionDescription><ns1:descriptiveNoteValue xml:lang="de">Im Entstehungsprozess: Signiert auf dem Montierungsbogen mittig (mit Bleistift): Hans Thoma; bezeichnet mittig (mit schwarzem Stift): M&#228;rz; unten links, mittig links, oben links und mittig rechts: 3; in der Darstellung mittig links und oben (mit dem Pinsel in Blau &#252;ber Bleistift): Widder</ns1:descriptiveNoteValue></ns1:inscriptionDescription></ns1:inscriptions></ns1:inscriptionsWrap><ns1:repositoryWrap><ns1:repositorySet ns1:type="http://terminology.lido-schema.org/repositorySet_type/current_repository_or_location"><ns1:repositoryName><ns1:legalBodyID ns1:type="http://terminology.lido-schema.org/identifier_type/uri" ns1:source="ISIL (ISO 15511)">http://ld.zdb-services.de/resource/organisations/DE-MUS-048017</ns1:legalBodyID><ns1:legalBodyName><ns1:appellationValue>St&#228;del Museum, Frankfurt</ns1:appellationValue></ns1:legalBodyName><ns1:legalBodyWeblink>https://www.staedelmuseum.de</ns1:legalBodyWeblink></ns1:repositoryName><ns1:workID ns1:type="Objekt ID">SG 1987 Z</ns1:workID><ns1:workID ns1:type="Inventarnummer">SG 1987</ns1:workID><ns1:repositoryLocation><ns1:placeID ns1:type="http://terminology.lido-schema.org/identifier_type/uri" ns1:source="http://d-nb.info/">http://d-nb.info/gnd/4018118-2</ns1:placeID><ns1:namePlaceSet><ns1:appellationValue>Frankfurt am Main</ns1:appellationValue></ns1:namePlaceSet><ns1:placeClassification ns1:type="http://terminology.lido-schema.org/identifier_type/local_identifier"><ns1:conceptID ns1:type="http://terminology.lido-schema.org/identifier_type/local_identifier">Graphische Sammlung</ns1:conceptID><ns1:term xml:lang="de">Anfrage zur Vorlage im Studiensaal der Graphischen Sammlung</ns1:term><ns1:term xml:lang="en">Request for presentation in the study room of the Prints and Drawings Department</ns1:term></ns1:placeClassification></ns1:repositoryLocation></ns1:repositorySet></ns1:repositoryWrap><ns1:objectMeasurementsWrap><ns1:objectMeasurementsSet><ns1:displayObjectMeasurements xml:lang="de">Blatt: 674 x 410 mm</ns1:displayObjectMeasurements><ns1:displayObjectMeasurements xml:lang="en">Blatt: 674 x 410 mm</ns1:displayObjectMeasurements><ns1:objectMeasurements><ns1:measurementsSet><ns1:measurementType xml:lang="de">H&#246;he</ns1:measurementType><ns1:measurementType xml:lang="en">height</ns1:measurementType><ns1:measurementUnit>mm</ns1:measurementUnit><ns1:measurementValue>674</ns1:measurementValue></ns1:measurementsSet><ns1:measurementsSet><ns1:measurementType xml:lang="de">Breite</ns1:measurementType><ns1:measurementType xml:lang="en">width</ns1:measurementType><ns1:measurementUnit>mm</ns1:measurementUnit><ns1:measurementValue>410</ns1:measurementValue></ns1:measurementsSet><ns1:extentMeasurements>Blatt</ns1:extentMeasurements></ns1:objectMeasurements></ns1:objectMeasurementsSet><ns1:objectMeasurementsSet><ns1:displayObjectMeasurements xml:lang="de">Darstellung: 525 x 350 mm</ns1:displayObjectMeasurements><ns1:displayObjectMeasurements xml:lang="en">Darstellung: 525 x 350 mm</ns1:displayObjectMeasurements><ns1:objectMeasurements><ns1:measurementsSet><ns1:measurementType xml:lang="de">H&#246;he</ns1:measurementType><ns1:measurementType xml:lang="en">height</ns1:measurementType><ns1:measurementUnit>mm</ns1:measurementUnit><ns1:measurementValue>525</ns1:measurementValue></ns1:measurementsSet><ns1:measurementsSet><ns1:measurementType xml:lang="de">Breite</ns1:measurementType><ns1:measurementType xml:lang="en">width</ns1:measurementType><ns1:measurementUnit>mm</ns1:measurementUnit><ns1:measurementValue>350</ns1:measurementValue></ns1:measurementsSet><ns1:extentMeasurements>Darstellung</ns1:extentMeasurements></ns1:objectMeasurements></ns1:objectMeasurementsSet></ns1:objectMeasurementsWrap></ns1:objectIdentificationWrap><ns1:eventWrap><ns1:eventSet><ns1:event><ns1:eventType><ns1:conceptID ns1:type="http://terminology.lido-schema.org/identifier_type/uri" ns1:source="http://terminology.lido-schema.org/eventType">http://terminology.lido-schema.org/eventType/production</ns1:conceptID><ns1:term xml:lang="en">Production</ns1:term></ns1:eventType><ns1:eventActor ns1:sortorder="1"><ns1:displayActorInRole xml:lang="de">Hans Thoma (1839 - 1924)   Zeichner</ns1:displayActorInRole><ns1:displayActorInRole xml:lang="en">Hans Thoma (1839 - 1924)   draughtsman</ns1:displayActorInRole><ns1:actorInRole><ns1:actor ns1:type="http://terminology.lido-schema.org/actor_type/person"><ns1:actorID ns1:type="http://terminology.lido-schema.org/identifier_type/uri" ns1:source="http://d-nb.info/" ns1:pref="preferred">http://d-nb.info/gnd/118622064</ns1:actorID><ns1:nameActorSet><ns1:appellationValue xml:lang="de">Thoma, Hans</ns1:appellationValue><ns1:appellationValue xml:lang="en">Thoma, Hans</ns1:appellationValue></ns1:nameActorSet><ns1:vitalDatesActor><ns1:earliestDate ns1:type="birthDate">1839</ns1:earliestDate><ns1:latestDate ns1:type="deathDate">1924</ns1:latestDate></ns1:vitalDatesActor></ns1:actor><ns1:roleActor><ns1:conceptID ns1:type="http://terminology.lido-schema.org/identifier_type/uri" ns1:source="http://d-nb.info/" ns1:pref="preferred">http://d-nb.info/gnd/4200345-3</ns1:conceptID><ns1:term xml:lang="de">Zeichner</ns1:term><ns1:term xml:lang="en">draughtsman</ns1:term></ns1:roleActor></ns1:actorInRole></ns1:eventActor><ns1:culture><ns1:conceptID ns1:type="http://terminology.lido-schema.org/identifier_type/uri" ns1:source="http://d-nb.info/" ns1:pref="preferred">http://d-nb.info/gnd/4011882-4</ns1:conceptID><ns1:term xml:lang="de">Deutsch</ns1:term><ns1:term xml:lang="en">German</ns1:term></ns1:culture><ns1:eventDate><ns1:displayDate xml:lang="de">ca. 1884</ns1:displayDate><ns1:displayDate xml:lang="en">ca. 1884</ns1:displayDate><ns1:date><ns1:earliestDate>1884</ns1:earliestDate><ns1:latestDate>1884</ns1:latestDate></ns1:date></ns1:eventDate><ns1:eventMaterialsTech><ns1:displayMaterialsTech xml:lang="de">Collage, farbige Kreide, Aquarell und Deckwei&#223;, Pinsel in Schwarz und Blau &#252;ber Bleistift auf blau meliertem Velinpapier, auf beigen Velinkarton gezogen</ns1:displayMaterialsTech><ns1:materialsTech><ns1:termMaterialsTech ns1:type="http://terminology.lido-schema.org/termMaterialsTech_type/material"><ns1:conceptID ns1:type="http://terminology.lido-schema.org/identifier_type/uri" ns1:source="http://d-nb.info/" ns1:pref="preferred">http://d-nb.info/gnd/4165590-4</ns1:conceptID><ns1:term xml:lang="de">Kreide</ns1:term><ns1:term xml:lang="en">chalk</ns1:term></ns1:termMaterialsTech><ns1:termMaterialsTech ns1:type="http://terminology.lido-schema.org/termMaterialsTech_type/material"><ns1:conceptID ns1:type="http://terminology.lido-schema.org/identifier_type/uri" ns1:source="http://d-nb.info/" ns1:pref="preferred">http://d-nb.info/gnd/4132362-2</ns1:conceptID><ns1:term xml:lang="de">Aquarellfarbe</ns1:term><ns1:term xml:lang="en">watercolours</ns1:term></ns1:termMaterialsTech><ns1:termMaterialsTech ns1:type="http://terminology.lido-schema.org/termMaterialsTech_type/material"><ns1:term xml:lang="de">Deckwei&#223;</ns1:term><ns1:term xml:lang="en">opaque white</ns1:term></ns1:termMaterialsTech><ns1:termMaterialsTech ns1:type="http://terminology.lido-schema.org/termMaterialsTech_type/material"><ns1:term xml:lang="de">Grafit-Ton-Gemisch</ns1:term><ns1:term xml:lang="en">graphite-clay mixture</ns1:term></ns1:termMaterialsTech><ns1:termMaterialsTech ns1:type="http://terminology.lido-schema.org/termMaterialsTech_type/material"><ns1:term xml:lang="de">Velinpapier</ns1:term><ns1:term xml:lang="en">vellum paper</ns1:term></ns1:termMaterialsTech><ns1:termMaterialsTech ns1:type="http://terminology.lido-schema.org/termMaterialsTech_type/technique"><ns1:conceptID ns1:type="http://terminology.lido-schema.org/identifier_type/uri" ns1:source="http://d-nb.info/" ns1:pref="preferred">http://d-nb.info/gnd/4010384-5</ns1:conceptID><ns1:term xml:lang="de">Collage</ns1:term><ns1:term xml:lang="en">collage</ns1:term></ns1:termMaterialsTech><ns1:termMaterialsTech ns1:type="http://terminology.lido-schema.org/termMaterialsTech_type/technique"><ns1:conceptID ns1:type="http://terminology.lido-schema.org/identifier_type/uri" ns1:source="http://d-nb.info/" ns1:pref="preferred">http://d-nb.info/gnd/4205888-0</ns1:conceptID><ns1:term xml:lang="de">Kreidezeichnung</ns1:term><ns1:term xml:lang="en">chalk drawing</ns1:term></ns1:termMaterialsTech><ns1:termMaterialsTech ns1:type="http://terminology.lido-schema.org/termMaterialsTech_type/technique"><ns1:conceptID ns1:type="http://terminology.lido-schema.org/identifier_type/uri" ns1:source="http://d-nb.info/" ns1:pref="preferred">http://d-nb.info/gnd/4002511-1</ns1:conceptID><ns1:term xml:lang="de">Aquarell</ns1:term><ns1:term xml:lang="en">watercolour painting</ns1:term></ns1:termMaterialsTech><ns1:termMaterialsTech ns1:type="http://terminology.lido-schema.org/termMaterialsTech_type/technique"><ns1:conceptID ns1:type="http://terminology.lido-schema.org/identifier_type/uri" ns1:source="http://d-nb.info/" ns1:pref="preferred">http://d-nb.info/gnd/4257614-3</ns1:conceptID><ns1:term xml:lang="de">Pinselzeichnung</ns1:term><ns1:term xml:lang="en">brush drawing</ns1:term></ns1:termMaterialsTech><ns1:termMaterialsTech ns1:type="http://terminology.lido-schema.org/termMaterialsTech_type/technique"><ns1:term xml:lang="de">Wei&#223;h&#246;hung</ns1:term><ns1:term xml:lang="en">white heightening</ns1:term></ns1:termMaterialsTech><ns1:termMaterialsTech ns1:type="http://terminology.lido-schema.org/termMaterialsTech_type/technique"><ns1:conceptID ns1:type="http://terminology.lido-schema.org/identifier_type/uri" ns1:source="http://d-nb.info/" ns1:pref="preferred">http://d-nb.info/gnd/4122084-5</ns1:conceptID><ns1:term xml:lang="de">Bleistiftzeichnung</ns1:term><ns1:term xml:lang="en">pencil drawing</ns1:term></ns1:termMaterialsTech></ns1:materialsTech></ns1:eventMaterialsTech><ns1:eventMaterialsTech><ns1:displayMaterialsTech>Nicht gepr&#252;ft</ns1:displayMaterialsTech><ns1:materialsTech><ns1:termMaterialsTech ns1:type="http://terminology.lido-schema.org/lido00427"><ns1:term>Nicht gepr&#252;ft</ns1:term></ns1:termMaterialsTech></ns1:materialsTech></ns1:eventMaterialsTech></ns1:event></ns1:eventSet><ns1:eventSet><ns1:event><ns1:eventType><ns1:conceptID ns1:type="http://terminology.lido-schema.org/identifier_type/uri" ns1:source="http://terminology.lido-schema.org/eventType">http://terminology.lido-schema.org/lido00227</ns1:conceptID><ns1:term xml:lang="en">Provenance</ns1:term></ns1:eventType><ns1:eventDescriptionSet><ns1:descriptiveNoteValue xml:lang="de">... ; Otto Eiser (1834-1898) / Eduard K&#252;chler (1840-1919, Vater von Sofie Bergman geb. K&#252;chler); an Sofie Bergman-K&#252;chler (1878-1960), Frankfurt am Main; Verkauf und Schenkung als "Hans Thoma-Sammlung von Otto Eiser-Eduard K&#252;chler" an die Stadt Frankfurt am Main, 1938.</ns1:descriptiveNoteValue><ns1:descriptiveNoteValue xml:lang="en">... ; Otto Eiser (1834-1898) / Eduard K&#252;chler (1840-1919, Vater von Sofie Bergman geb. K&#252;chler); an Sofie Bergman-K&#252;chler (1878-1960), Frankfurt am Main; Verkauf und Schenkung als "Hans Thoma-Sammlung von Otto Eiser-Eduard K&#252;chler" an die Stadt Frankfurt am Main, 1938.</ns1:descriptiveNoteValue></ns1:eventDescriptionSet></ns1:event></ns1:eventSet><ns1:eventSet><ns1:event><ns1:eventType><ns1:conceptID ns1:type="http://terminology.lido-schema.org/identifier_type/uri" ns1:source="http://terminology.lido-schema.org/eventType">http://terminology.lido-schema.org/eventType/acquisition</ns1:conceptID><ns1:term xml:lang="en">Acquisition</ns1:term></ns1:eventType><ns1:eventDescriptionSet><ns1:descriptiveNoteValue xml:lang="de">Erworben 1938 als Hans-Thoma-Sammlung von Otto Eiser-Eduard K&#252;chler</ns1:descriptiveNoteValue><ns1:descriptiveNoteValue xml:lang="en">Acquired in 1938, Hans Thoma Collection of Otto Eiser-Eduard K&#252;cher</ns1:descriptiveNoteValue></ns1:eventDescriptionSet></ns1:event></ns1:eventSet></ns1:eventWrap><ns1:objectRelationWrap><ns1:subjectWrap><ns1:subjectSet><ns1:subject><ns1:subjectConcept><ns1:conceptID ns1:type="http://terminology.lido-schema.org/identifier_type/uri" ns1:source="http://iconclass.org" ns1:pref="preferred">http://iconclass.org/41A44</ns1:conceptID><ns1:term xml:lang="de">(dekorierte) Decke (eines Raumes)</ns1:term><ns1:term xml:lang="en">(decorated) ceiling</ns1:term></ns1:subjectConcept><ns1:subjectConcept><ns1:conceptID ns1:type="http://terminology.lido-schema.org/identifier_type/uri" ns1:source="http://iconclass.org" ns1:pref="preferred">http://iconclass.org/23N13</ns1:conceptID><ns1:term xml:lang="de">Darstellungen des M&#228;rz durch andere Konzepte</ns1:term><ns1:term xml:lang="en">March ~ other concepts</ns1:term></ns1:subjectConcept><ns1:subjectConcept><ns1:conceptID ns1:type="http://terminology.lido-schema.org/identifier_type/uri" ns1:source="http://iconclass.org" ns1:pref="preferred">http://iconclass.org/23O21</ns1:conceptID><ns1:term xml:lang="de">Aries, Widder (Tierkreiszeichen des M&#228;rz)</ns1:term><ns1:term xml:lang="en">Aries (zodical sign of March)</ns1:term></ns1:subjectConcept><ns1:subjectConcept><ns1:conceptID ns1:type="http://terminology.lido-schema.org/identifier_type/uri" ns1:source="http://iconclass.org" ns1:pref="preferred">http://iconclass.org/42A2813</ns1:conceptID><ns1:term xml:lang="de">Tiere als &#220;berbringer von Kindern</ns1:term><ns1:term xml:lang="en">animals as bringers of babies</ns1:term></ns1:subjectConcept><ns1:subjectConcept><ns1:conceptID ns1:type="http://terminology.lido-schema.org/identifier_type/uri" ns1:source="http://iconclass.org" ns1:pref="preferred">http://iconclass.org/25FF37(STORK)</ns1:conceptID><ns1:term xml:lang="de">Schnepfen- und Watv&#246;gel: Storch - FF - fabulous animals (sometimes wrongly called 'grotesques'); 'Mostri' (Ripa)</ns1:term><ns1:term xml:lang="en">shore-birds and wading-birds: stork - FF - fabulous animals (sometimes wrongly called 'grotesques'); 'Mostri' (Ripa)</ns1:term></ns1:subjectConcept><ns1:subjectConcept><ns1:conceptID ns1:type="http://terminology.lido-schema.org/identifier_type/uri" ns1:source="http://iconclass.org" ns1:pref="preferred">http://iconclass.org/25G3(PUSSY WILLOW)(+31)</ns1:conceptID><ns1:term xml:lang="de">B&#228;ume (PUSSY WILLOW) (+ Knospe, knospende Pflanzen)</ns1:term><ns1:term xml:lang="en">trees (PUSSY WILLOW) (+ bud, budding)</ns1:term></ns1:subjectConcept><ns1:subjectConcept><ns1:conceptID ns1:type="http://terminology.lido-schema.org/identifier_type/uri" ns1:source="http://iconclass.org" ns1:pref="preferred">http://iconclass.org/25G41(VIOLET)</ns1:conceptID><ns1:term xml:lang="de">Blumen: Veilchen</ns1:term><ns1:term xml:lang="en">flowers: violet</ns1:term></ns1:subjectConcept><ns1:subjectConcept><ns1:conceptID ns1:type="http://terminology.lido-schema.org/identifier_type/uri" ns1:source="http://iconclass.org" ns1:pref="preferred">http://iconclass.org/25F32(ROBIN)</ns1:conceptID><ns1:term xml:lang="de">Singvogel: Rotkehlchen</ns1:term><ns1:term xml:lang="en">song-birds: robin</ns1:term></ns1:subjectConcept><ns1:subjectConcept><ns1:conceptID ns1:type="http://terminology.lido-schema.org/identifier_type/uri" ns1:source="http://iconclass.org" ns1:pref="preferred">http://iconclass.org/92D1916</ns1:conceptID><ns1:term xml:lang="de">Amoretten, Putten; amores, amoretti, putti</ns1:term><ns1:term xml:lang="en">cupids: 'amores', 'amoretti', 'putti'</ns1:term></ns1:subjectConcept><ns1:subjectConcept><ns1:conceptID ns1:type="http://terminology.lido-schema.org/identifier_type/local_identifier" ns1:pref="alternative">Motivgattung</ns1:conceptID><ns1:term xml:lang="de">Historie</ns1:term><ns1:term xml:lang="en">historical narration</ns1:term></ns1:subjectConcept><ns1:subjectConcept><ns1:conceptID ns1:type="http://terminology.lido-schema.org/identifier_type/local_identifier" ns1:pref="alternative">Motivgattung</ns1:conceptID><ns1:term xml:lang="de">Mythologische Darstellung</ns1:term><ns1:term xml:lang="en">mythological representation</ns1:term></ns1:subjectConcept><ns1:subjectConcept><ns1:conceptID ns1:type="http://terminology.lido-schema.org/identifier_type/uri" ns1:source="http://d-nb.info/" ns1:pref="preferred">http://d-nb.info/gnd/4117216-4</ns1:conceptID><ns1:conceptID ns1:type="http://terminology.lido-schema.org/identifier_type/local_identifier" ns1:pref="alternative">Motivgattung</ns1:conceptID><ns1:term xml:lang="de">Tierdarstellung</ns1:term><ns1:term xml:lang="en">animal depiction</ns1:term></ns1:subjectConcept><ns1:subjectConcept><ns1:conceptID ns1:type="http://terminology.lido-schema.org/identifier_type/uri" ns1:source="http://d-nb.info/" ns1:pref="preferred">http://d-nb.info/gnd/4001236-0</ns1:conceptID><ns1:conceptID ns1:type="http://terminology.lido-schema.org/identifier_type/local_identifier" ns1:pref="alternative">Motivgattung</ns1:conceptID><ns1:term xml:lang="de">Allegorie</ns1:term><ns1:term xml:lang="en">allegory</ns1:term></ns1:subjectConcept><ns1:subjectPlace><ns1:displayPlace xml:lang="de">Caf&#233; Bauer</ns1:displayPlace><ns1:displayPlace xml:lang="en">Caf&#233; Bauer</ns1:displayPlace><ns1:place><ns1:namePlaceSet><ns1:appellationValue xml:lang="de">Caf&#233; Bauer</ns1:appellationValue><ns1:appellationValue xml:lang="en">Caf&#233; Bauer</ns1:appellationValue></ns1:namePlaceSet></ns1:place></ns1:subjectPlace></ns1:subject></ns1:subjectSet></ns1:subjectWrap><ns1:relatedWorksWrap><ns1:relatedWorkSet><ns1:relatedWork><ns1:object><ns1:objectWebResource>https://www.staedelmuseum.de/go/ds/sg1985z</ns1:objectWebResource><ns1:objectID ns1:type="http://terminology.lido-schema.org/identifier_type/local_identifier">DE-MUS-048017/object/sg1985z</ns1:objectID><ns1:objectNote xml:lang="de">Januar. Entwurf zur Decke im Caf&#233; Bauer, bestehend aus sechs Teilen</ns1:objectNote><ns1:objectNote xml:lang="en">"January". Design for the Ceiling of the Caf&#233; Bauer (6 parts)</ns1:objectNote></ns1:object></ns1:relatedWork><ns1:relatedWorkRelType><ns1:term xml:lang="de">Teil desselben Werkprozesses</ns1:term><ns1:term xml:lang="en">part of the same work process</ns1:term></ns1:relatedWorkRelType></ns1:relatedWorkSet><ns1:relatedWorkSet><ns1:relatedWork><ns1:object><ns1:objectWebResource>https://www.staedelmuseum.de/go/ds/sg1986z</ns1:objectWebResource><ns1:objectID ns1:type="http://terminology.lido-schema.org/identifier_type/local_identifier">DE-MUS-048017/object/sg1986z</ns1:objectID><ns1:objectNote xml:lang="de">Februar. Entwurf zur Decke im Caf&#233; Bauer, bestehend aus sechs Teilen</ns1:objectNote><ns1:objectNote xml:lang="en">Februar. Entwurf zur Decke im Caf&#233; Bauer, bestehend aus sechs Teilen</ns1:objectNote></ns1:object></ns1:relatedWork><ns1:relatedWorkRelType><ns1:term xml:lang="de">Teil desselben Werkprozesses</ns1:term><ns1:term xml:lang="en">part of the same work process</ns1:term></ns1:relatedWorkRelType></ns1:relatedWorkSet><ns1:relatedWorkSet><ns1:relatedWork><ns1:object><ns1:objectWebResource>https://www.staedelmuseum.de/go/ds/sg1988z</ns1:objectWebResource><ns1:objectID ns1:type="http://terminology.lido-schema.org/identifier_type/local_identifier">DE-MUS-048017/object/sg1988z</ns1:objectID><ns1:objectNote xml:lang="de">April. Entwurf zur Decke im Caf&#233; Bauer, bestehend aus sechs Teilen</ns1:objectNote><ns1:objectNote xml:lang="en">April. Entwurf zur Decke im Caf&#233; Bauer, bestehend aus sechs Teilen</ns1:objectNote></ns1:object></ns1:relatedWork><ns1:relatedWorkRelType><ns1:term xml:lang="de">Teil desselben Werkprozesses</ns1:term><ns1:term xml:lang="en">part of the same work process</ns1:term></ns1:relatedWorkRelType></ns1:relatedWorkSet><ns1:relatedWorkSet><ns1:relatedWork><ns1:object><ns1:objectWebResource>https://www.staedelmuseum.de/go/ds/sg1989z</ns1:objectWebResource><ns1:objectID ns1:type="http://terminology.lido-schema.org/identifier_type/local_identifier">DE-MUS-048017/object/sg1989z</ns1:objectID><ns1:objectNote xml:lang="de">Mai. Entwurf zur Decke im Caf&#233; Bauer, bestehend aus sechs Teilen</ns1:objectNote><ns1:objectNote xml:lang="en">May. Design for the ceiling at Caf&#233; Bauer, made of six parts</ns1:objectNote></ns1:object></ns1:relatedWork><ns1:relatedWorkRelType><ns1:term xml:lang="de">Teil desselben Werkprozesses</ns1:term><ns1:term xml:lang="en">part of the same work process</ns1:term></ns1:relatedWorkRelType></ns1:relatedWorkSet><ns1:relatedWorkSet><ns1:relatedWork><ns1:object><ns1:objectWebResource>https://www.staedelmuseum.de/go/ds/sg1990z</ns1:objectWebResource><ns1:objectID ns1:type="http://terminology.lido-schema.org/identifier_type/local_identifier">DE-MUS-048017/object/sg1990z</ns1:objectID><ns1:objectNote xml:lang="de">Juni. Entwurf zur Decke im Caf&#233; Bauer, bestehend aus vier Teilen</ns1:objectNote><ns1:objectNote xml:lang="en">June. Design for the ceiling at Caf&#233; Bauer, made of four parts</ns1:objectNote></ns1:object></ns1:relatedWork><ns1:relatedWorkRelType><ns1:term xml:lang="de">Teil desselben Werkprozesses</ns1:term><ns1:term xml:lang="en">part of the same work process</ns1:term></ns1:relatedWorkRelType></ns1:relatedWorkSet><ns1:relatedWorkSet><ns1:relatedWork><ns1:object><ns1:objectWebResource>https://www.staedelmuseum.de/go/ds/sg1991z</ns1:objectWebResource><ns1:objectID ns1:type="http://terminology.lido-schema.org/identifier_type/local_identifier">DE-MUS-048017/object/sg1991z</ns1:objectID><ns1:objectNote xml:lang="de">Juli. Entwurf zur Decke im Caf&#233; Bauer, bestehend aus sechs Teilen</ns1:objectNote><ns1:objectNote xml:lang="en">July. Design for the ceiling at Caf&#233; Bauer, made of six parts</ns1:objectNote></ns1:object></ns1:relatedWork><ns1:relatedWorkRelType><ns1:term xml:lang="de">Teil desselben Werkprozesses</ns1:term><ns1:term xml:lang="en">part of the same work process</ns1:term></ns1:relatedWorkRelType></ns1:relatedWorkSet><ns1:relatedWorkSet><ns1:relatedWork><ns1:object><ns1:objectWebResource>https://www.staedelmuseum.de/go/ds/sg1992z</ns1:objectWebResource><ns1:objectID ns1:type="http://terminology.lido-schema.org/identifier_type/local_identifier">DE-MUS-048017/object/sg1992z</ns1:objectID><ns1:objectNote xml:lang="de">August. Entwurf zur Decke im Caf&#233; Bauer, bestehend aus sechs Teilen</ns1:objectNote><ns1:objectNote xml:lang="en">"August". Design for a Ceiling Painting for the Caf&#233; Bauer</ns1:objectNote></ns1:object></ns1:relatedWork><ns1:relatedWorkRelType><ns1:term xml:lang="de">Teil desselben Werkprozesses</ns1:term><ns1:term xml:lang="en">part of the same work process</ns1:term></ns1:relatedWorkRelType></ns1:relatedWorkSet><ns1:relatedWorkSet><ns1:relatedWork><ns1:object><ns1:objectWebResource>https://www.staedelmuseum.de/go/ds/sg1993z</ns1:objectWebResource><ns1:objectID ns1:type="http://terminology.lido-schema.org/identifier_type/local_identifier">DE-MUS-048017/object/sg1993z</ns1:objectID><ns1:objectNote xml:lang="de">September. Entwurf zur Decke im Caf&#233; Bauer, bestehend aus sechs Teilen</ns1:objectNote><ns1:objectNote xml:lang="en">September. Design for the ceiling at Caf&#233; Bauer, made of six parts</ns1:objectNote></ns1:object></ns1:relatedWork><ns1:relatedWorkRelType><ns1:term xml:lang="de">Teil desselben Werkprozesses</ns1:term><ns1:term xml:lang="en">part of the same work process</ns1:term></ns1:relatedWorkRelType></ns1:relatedWorkSet><ns1:relatedWorkSet><ns1:relatedWork><ns1:object><ns1:objectWebResource>https://www.staedelmuseum.de/go/ds/sg1994z</ns1:objectWebResource><ns1:objectID ns1:type="http://terminology.lido-schema.org/identifier_type/local_identifier">DE-MUS-048017/object/sg1994z</ns1:objectID><ns1:objectNote xml:lang="de">Oktober. Entwurf zur Decke im Caf&#233; Bauer, bestehend aus sechs Teilen</ns1:objectNote><ns1:objectNote xml:lang="en">October. Design for the ceiling at Caf&#233; Bauer, made of six parts</ns1:objectNote></ns1:object></ns1:relatedWork><ns1:relatedWorkRelType><ns1:term xml:lang="de">Teil desselben Werkprozesses</ns1:term><ns1:term xml:lang="en">part of the same work process</ns1:term></ns1:relatedWorkRelType></ns1:relatedWorkSet><ns1:relatedWorkSet><ns1:relatedWork><ns1:object><ns1:objectWebResource>https://www.staedelmuseum.de/go/ds/sg1995z</ns1:objectWebResource><ns1:objectID ns1:type="http://terminology.lido-schema.org/identifier_type/local_identifier">DE-MUS-048017/object/sg1995z</ns1:objectID><ns1:objectNote xml:lang="de">November. Entwurf zur Decke im Caf&#233; Bauer, bestehend aus sechs Teilen</ns1:objectNote><ns1:objectNote xml:lang="en">November. Design for the ceiling at Caf&#233; Bauer, made of six parts</ns1:objectNote></ns1:object></ns1:relatedWork><ns1:relatedWorkRelType><ns1:term xml:lang="de">Teil desselben Werkprozesses</ns1:term><ns1:term xml:lang="en">part of the same work process</ns1:term></ns1:relatedWorkRelType></ns1:relatedWorkSet><ns1:relatedWorkSet><ns1:relatedWork><ns1:object><ns1:objectWebResource>https://www.staedelmuseum.de/go/ds/sg1996z</ns1:objectWebResource><ns1:objectID ns1:type="http://terminology.lido-schema.org/identifier_type/local_identifier">DE-MUS-048017/object/sg1996z</ns1:objectID><ns1:objectNote xml:lang="de">Dezember. Entwurf zur Decke im Caf&#233; Bauer, bestehend aus vier Teilen</ns1:objectNote><ns1:objectNote xml:lang="en">December. Design for the ceiling at Caf&#233; Bauer, made of four parts</ns1:objectNote></ns1:object></ns1:relatedWork><ns1:relatedWorkRelType><ns1:term xml:lang="de">Teil desselben Werkprozesses</ns1:term><ns1:term xml:lang="en">part of the same work process</ns1:term></ns1:relatedWorkRelType></ns1:relatedWorkSet><ns1:relatedWorkSet><ns1:relatedWork><ns1:object><ns1:objectWebResource>https://www.staedelmuseum.de/go/ds/sg1997z</ns1:objectWebResource><ns1:objectID ns1:type="http://terminology.lido-schema.org/identifier_type/local_identifier">DE-MUS-048017/object/sg1997z</ns1:objectID><ns1:objectNote xml:lang="de">Zwei Winde. Entwurf zur Decke im Caf&#233; Bauer, bestehend aus vier Teilen</ns1:objectNote><ns1:objectNote xml:lang="en">Zwei Winde. Entwurf zur Decke im Caf&#233; Bauer, bestehend aus vier Teilen</ns1:objectNote></ns1:object></ns1:relatedWork><ns1:relatedWorkRelType><ns1:term xml:lang="de">Teil desselben Werkprozesses</ns1:term><ns1:term xml:lang="en">part of the same work process</ns1:term></ns1:relatedWorkRelType></ns1:relatedWorkSet><ns1:relatedWorkSet><ns1:relatedWork><ns1:object><ns1:objectWebResource>https://www.staedelmuseum.de/go/ds/sg1998z</ns1:objectWebResource><ns1:objectID ns1:type="http://terminology.lido-schema.org/identifier_type/local_identifier">DE-MUS-048017/object/sg1998z</ns1:objectID><ns1:objectNote xml:lang="de">Zwei Winde. Entwurf zur Decke im Caf&#233; Bauer, bestehend aus vier Teilen</ns1:objectNote><ns1:objectNote xml:lang="en">Zwei Winde. Entwurf zur Decke im Caf&#233; Bauer, bestehend aus vier Teilen</ns1:objectNote></ns1:object></ns1:relatedWork><ns1:relatedWorkRelType><ns1:term xml:lang="de">Teil desselben Werkprozesses</ns1:term><ns1:term xml:lang="en">part of the same work process</ns1:term></ns1:relatedWorkRelType></ns1:relatedWorkSet><ns1:relatedWorkSet><ns1:relatedWork><ns1:object><ns1:objectWebResource>https://www.staedelmuseum.de/go/ds/sg1999z</ns1:objectWebResource><ns1:objectID ns1:type="http://terminology.lido-schema.org/identifier_type/local_identifier">DE-MUS-048017/object/sg1999z</ns1:objectID><ns1:objectNote xml:lang="de">Das Gl&#252;cksrad</ns1:objectNote><ns1:objectNote xml:lang="en">The wheel of fortune</ns1:objectNote></ns1:object></ns1:relatedWork><ns1:relatedWorkRelType><ns1:term xml:lang="de">Teil desselben Werkprozesses</ns1:term><ns1:term xml:lang="en">part of the same work process</ns1:term></ns1:relatedWorkRelType></ns1:relatedWorkSet><ns1:relatedWorkSet><ns1:relatedWork><ns1:object><ns1:objectNote xml:lang="de">Hans Thoma: M&#228;rz, Ausmalung der Decke des Caf&#233; Bauer im 1883 von Simon Ravenstein erbauten und im 2. Weltkrieg zerst&#246;rten Wohn- und Gesch&#228;ftshaus Bavaria, Ecke Schillerplatz/Zeil, Frankfurt am Main</ns1:objectNote></ns1:object></ns1:relatedWork><ns1:relatedWorkRelType><ns1:conceptID ns1:type="http://terminology.lido-schema.org/identifier_type/uri">http://terminology.lido-schema.org/lido00586</ns1:conceptID><ns1:term xml:lang="de">ist vorbereitend f&#252;r</ns1:term><ns1:term xml:lang="en">is preparatory for</ns1:term></ns1:relatedWorkRelType></ns1:relatedWorkSet></ns1:relatedWorksWrap></ns1:objectRelationWrap></ns1:descriptiveMetadata><ns1:administrativeMetadata xml:lang="de"><ns1:rightsWorkWrap><ns1:rightsWorkSet><ns1:rightsType><ns1:conceptID ns1:type="http://terminology.lido-schema.org/lido00099">https://creativecommons.org/publicdomain/mark/1.0</ns1:conceptID><ns1:term>Public Domain Mark 1.0</ns1:term></ns1:rightsType><ns1:creditLine>Public Domain</ns1:creditLine></ns1:rightsWorkSet></ns1:rightsWorkWrap><ns1:recordWrap><ns1:recordID ns1:type="http://terminology.lido-schema.org/identifier_type/local_identifier">18975</ns1:recordID><ns1:recordType><ns1:conceptID ns1:type="http://terminology.lido-schema.org/identifier_type/uri" ns1:source="http://terminology.lido-schema.org/recordType">http://terminology.lido-schema.org/recordType/item-level_record</ns1:conceptID><ns1:term xml:lang="de">Einzelobjekt</ns1:term><ns1:term xml:lang="en">Item-level record</ns1:term></ns1:recordType><ns1:recordSource><ns1:legalBodyID ns1:type="http://terminology.lido-schema.org/identifier_type/uri" ns1:source="ISIL (ISO 15511)">http://ld.zdb-services.de/resource/organisations/DE-MUS-048017</ns1:legalBodyID><ns1:legalBodyName><ns1:appellationValue>St&#228;del Museum</ns1:appellationValue></ns1:legalBodyName></ns1:recordSource><ns1:recordRights><ns1:rightsType><ns1:conceptID ns1:type="http://terminology.lido-schema.org/identifier_type/uri" ns1:source="http://creativecommons.org">https://creativecommons.org/publicdomain/zero/1.0/</ns1:conceptID><ns1:term>CC0 1.0 Universal (CC0 1.0)</ns1:term></ns1:rightsType><ns1:rightsHolder><ns1:legalBodyID ns1:type="http://terminology.lido-schema.org/identifier_type/uri" ns1:source="ISIL (ISO 15511)">http://ld.zdb-services.de/resource/organisations/DE-MUS-048017</ns1:legalBodyID><ns1:legalBodyName><ns1:appellationValue>St&#228;del Museum, Frankfurt</ns1:appellationValue></ns1:legalBodyName></ns1:rightsHolder></ns1:recordRights><ns1:recordInfoSet><ns1:recordInfoLink>https://www.staedelmuseum.de/go/ds/sg1987z</ns1:recordInfoLink></ns1:recordInfoSet></ns1:recordWrap><ns1:resourceWrap><ns1:resourceSet ns1:sortorder="1"><ns1:resourceID ns1:type="http://terminology.lido-schema.org/identifier_type/local_identifier">24078a4e42cd450dced3eb8e86d0cdb5-8</ns1:resourceID><ns1:resourceRepresentation ns1:type="http://terminology.lido-schema.org/lido00451"><ns1:linkResource ns1:formatResource="image/jpeg">https://sammlung.staedelmuseum.de/images/18975/thumb-lg.jpg</ns1:linkResource></ns1:resourceRepresentation><ns1:resourceRepresentation ns1:type="http://terminology.lido-schema.org/lido00451"><ns1:linkResource ns1:formatResource="image/jpeg">https://sammlung.staedelmuseum.de/images/18975/thumb-xl.jpg</ns1:linkResource></ns1:resourceRepresentation><ns1:resourceRepresentation ns1:type="http://terminology.lido-schema.org/lido00464"><ns1:linkResource ns1:formatResource="image/png">https://sammlung.staedelmuseum.de/de/werk/maerz-entwurf-zur-decke-im-cafe-bauer/download?sources=__default__&amp;token=116f7146abb540d828a3d360840846ac</ns1:linkResource></ns1:resourceRepresentation><ns1:rightsResource><ns1:rightsType><ns1:conceptID ns1:type="http://terminology.lido-schema.org/lido00099">https://creativecommons.org/publicdomain/mark/1.0</ns1:conceptID><ns1:term>Public Domain Mark 1.0</ns1:term></ns1:rightsType><ns1:creditLine>Public Domain</ns1:creditLine></ns1:rightsResource></ns1:resourceSet></ns1:resourceWrap></ns1:administrativeMetadata></ns1:lido></ns1:lidoWrap></ns0:metadata></ns0:record>