<ns0:record xmlns:ns0="http://www.openarchives.org/OAI/2.0/" xmlns:ns1="http://www.lido-schema.org" xmlns:xsi="http://www.w3.org/2001/XMLSchema-instance"><ns0:header><ns0:identifier>oai:DE-MUS-048017:17420z</ns0:identifier><ns0:datestamp>2024-12-20T11:41:56Z</ns0:datestamp><ns0:setSpec>scope:graphics</ns0:setSpec></ns0:header><ns0:metadata><ns1:lidoWrap xsi:schemaLocation="http://www.lido-schema.org http://www.lido-schema.org/schema/v1.0/lido-v1.0.xsd"><ns1:lido><ns1:lidoRecID ns1:type="http://terminology.lido-schema.org/identifier_type/local_identifier" ns1:source="http://ld.zdb-services.de/resource/organisations/DE-MUS-048017">DE-MUS-048017/lido/17420z</ns1:lidoRecID><ns1:objectPublishedID ns1:type="http://terminology.lido-schema.org/identifier_type/local_identifier" ns1:source="http://ld.zdb-services.de/resource/organisations/DE-MUS-048017">DE-MUS-048017/object/17420z</ns1:objectPublishedID><ns1:descriptiveMetadata xml:lang="de"><ns1:objectClassificationWrap><ns1:objectWorkTypeWrap><ns1:objectWorkType><ns1:conceptID ns1:type="http://terminology.lido-schema.org/identifier_type/uri" ns1:source="http://d-nb.info/" ns1:pref="preferred">http://d-nb.info/gnd/4127900-1</ns1:conceptID><ns1:term ns1:pref="preferred" xml:lang="de">Zeichnung</ns1:term><ns1:term ns1:pref="preferred" xml:lang="en">drawing</ns1:term></ns1:objectWorkType><ns1:objectWorkType><ns1:term ns1:pref="alternative" xml:lang="de">Landschaftsstudie</ns1:term><ns1:term ns1:pref="alternative" xml:lang="en">landscape study</ns1:term></ns1:objectWorkType></ns1:objectWorkTypeWrap><ns1:classificationWrap /></ns1:objectClassificationWrap><ns1:objectIdentificationWrap><ns1:titleWrap><ns1:titleSet ns1:type="http://vocab.getty.edu/aat/300417200"><ns1:appellationValue ns1:pref="preferred" xml:lang="de">Baumbestandener H&#252;gel, im Vordergrund ein Gew&#228;sser mit lagernden Wanderern</ns1:appellationValue><ns1:appellationValue ns1:pref="preferred" xml:lang="en">Baumbestandener H&#252;gel, im Vordergrund ein Gew&#228;sser mit lagernden Wanderern</ns1:appellationValue></ns1:titleSet></ns1:titleWrap><ns1:inscriptionsWrap><ns1:inscriptions ns1:type="Inschrift"><ns1:inscriptionDescription><ns1:descriptiveNoteID ns1:type="http://terminology.lido-schema.org/identifier_type/uri">http://www.marquesdecollections.fr/detail.cfm/marque/9354</ns1:descriptiveNoteID><ns1:descriptiveNoteID ns1:type="http://terminology.lido-schema.org/identifier_type/local_identifier" ns1:source="http://www.marquesdecollections.fr">Lugt 2356</ns1:descriptiveNoteID><ns1:descriptiveNoteValue xml:lang="de">Nachtr&#228;glich aufgebracht: Verso unten links Stempel des St&#228;delschen Kunstinstituts, Frankfurt am Main (Lugt 2356), mit zugeh&#246;riger Inventarnummer</ns1:descriptiveNoteValue></ns1:inscriptionDescription></ns1:inscriptions></ns1:inscriptionsWrap><ns1:repositoryWrap><ns1:repositorySet ns1:type="http://terminology.lido-schema.org/repositorySet_type/current_repository_or_location"><ns1:repositoryName><ns1:legalBodyID ns1:type="http://terminology.lido-schema.org/identifier_type/uri" ns1:source="ISIL (ISO 15511)">http://ld.zdb-services.de/resource/organisations/DE-MUS-048017</ns1:legalBodyID><ns1:legalBodyName><ns1:appellationValue>St&#228;del Museum, Frankfurt</ns1:appellationValue></ns1:legalBodyName><ns1:legalBodyWeblink>https://www.staedelmuseum.de</ns1:legalBodyWeblink></ns1:repositoryName><ns1:workID ns1:type="Objekt ID">17420 Z</ns1:workID><ns1:workID ns1:type="Inventarnummer">17420</ns1:workID><ns1:repositoryLocation><ns1:placeID ns1:type="http://terminology.lido-schema.org/identifier_type/uri" ns1:source="http://d-nb.info/">http://d-nb.info/gnd/4018118-2</ns1:placeID><ns1:namePlaceSet><ns1:appellationValue>Frankfurt am Main</ns1:appellationValue></ns1:namePlaceSet><ns1:placeClassification ns1:type="http://terminology.lido-schema.org/identifier_type/local_identifier"><ns1:conceptID ns1:type="http://terminology.lido-schema.org/identifier_type/local_identifier">Graphische Sammlung</ns1:conceptID><ns1:term xml:lang="de">Anfrage zur Vorlage im Studiensaal der Graphischen Sammlung</ns1:term><ns1:term xml:lang="en">Request for presentation in the study room of the Prints and Drawings Department</ns1:term></ns1:placeClassification></ns1:repositoryLocation></ns1:repositorySet></ns1:repositoryWrap><ns1:objectMeasurementsWrap><ns1:objectMeasurementsSet><ns1:displayObjectMeasurements xml:lang="de">Blatt: 210 x 348 mm</ns1:displayObjectMeasurements><ns1:displayObjectMeasurements xml:lang="en">Blatt: 210 x 348 mm</ns1:displayObjectMeasurements><ns1:objectMeasurements><ns1:measurementsSet><ns1:measurementType xml:lang="de">H&#246;he</ns1:measurementType><ns1:measurementType xml:lang="en">height</ns1:measurementType><ns1:measurementUnit>mm</ns1:measurementUnit><ns1:measurementValue>210</ns1:measurementValue></ns1:measurementsSet><ns1:measurementsSet><ns1:measurementType xml:lang="de">Breite</ns1:measurementType><ns1:measurementType xml:lang="en">width</ns1:measurementType><ns1:measurementUnit>mm</ns1:measurementUnit><ns1:measurementValue>348</ns1:measurementValue></ns1:measurementsSet><ns1:extentMeasurements>Blatt</ns1:extentMeasurements></ns1:objectMeasurements></ns1:objectMeasurementsSet></ns1:objectMeasurementsWrap></ns1:objectIdentificationWrap><ns1:eventWrap><ns1:eventSet><ns1:event><ns1:eventType><ns1:conceptID ns1:type="http://terminology.lido-schema.org/identifier_type/uri" ns1:source="http://terminology.lido-schema.org/eventType">http://terminology.lido-schema.org/eventType/production</ns1:conceptID><ns1:term xml:lang="en">Production</ns1:term></ns1:eventType><ns1:eventActor ns1:sortorder="1"><ns1:displayActorInRole xml:lang="de">Franz Innocenz Josef Kobell (1749 - 1822)   Zeichner</ns1:displayActorInRole><ns1:displayActorInRole xml:lang="en">Franz Innocenz Josef Kobell (1749 - 1822)   draughtsman</ns1:displayActorInRole><ns1:actorInRole><ns1:actor ns1:type="http://terminology.lido-schema.org/actor_type/person"><ns1:actorID ns1:type="http://terminology.lido-schema.org/identifier_type/uri" ns1:source="http://d-nb.info/" ns1:pref="preferred">http://d-nb.info/gnd/118777580</ns1:actorID><ns1:nameActorSet><ns1:appellationValue xml:lang="de">Kobell, Franz Innocenz Josef</ns1:appellationValue><ns1:appellationValue xml:lang="en">Kobell, Franz Innocenz Josef</ns1:appellationValue></ns1:nameActorSet><ns1:vitalDatesActor><ns1:earliestDate ns1:type="birthDate">1749</ns1:earliestDate><ns1:latestDate ns1:type="deathDate">1822</ns1:latestDate></ns1:vitalDatesActor></ns1:actor><ns1:roleActor><ns1:conceptID ns1:type="http://terminology.lido-schema.org/identifier_type/uri" ns1:source="http://d-nb.info/" ns1:pref="preferred">http://d-nb.info/gnd/4200345-3</ns1:conceptID><ns1:term xml:lang="de">Zeichner</ns1:term><ns1:term xml:lang="en">draughtsman</ns1:term></ns1:roleActor></ns1:actorInRole></ns1:eventActor><ns1:culture><ns1:conceptID ns1:type="http://terminology.lido-schema.org/identifier_type/uri" ns1:source="http://d-nb.info/" ns1:pref="preferred">http://d-nb.info/gnd/4011882-4</ns1:conceptID><ns1:term xml:lang="de">Deutsch</ns1:term><ns1:term xml:lang="en">German</ns1:term></ns1:culture><ns1:eventMaterialsTech><ns1:displayMaterialsTech xml:lang="de">Feder in Braun auf beigem Verg&#233;papier</ns1:displayMaterialsTech><ns1:materialsTech><ns1:termMaterialsTech ns1:type="http://terminology.lido-schema.org/termMaterialsTech_type/material"><ns1:conceptID ns1:type="http://terminology.lido-schema.org/identifier_type/uri" ns1:source="http://d-nb.info/" ns1:pref="preferred">http://d-nb.info/gnd/4185528-0</ns1:conceptID><ns1:term xml:lang="de">Tinte</ns1:term><ns1:term xml:lang="en">ink</ns1:term></ns1:termMaterialsTech><ns1:termMaterialsTech ns1:type="http://terminology.lido-schema.org/termMaterialsTech_type/material"><ns1:conceptID ns1:type="http://terminology.lido-schema.org/identifier_type/uri" ns1:source="http://d-nb.info/" ns1:pref="preferred">http://d-nb.info/gnd/4186499-2</ns1:conceptID><ns1:term xml:lang="de">Tusche</ns1:term><ns1:term xml:lang="en">Indian ink</ns1:term></ns1:termMaterialsTech><ns1:termMaterialsTech ns1:type="http://terminology.lido-schema.org/termMaterialsTech_type/material"><ns1:term xml:lang="de">Verg&#233;papier</ns1:term><ns1:term xml:lang="en">Verg&#233; paper</ns1:term></ns1:termMaterialsTech><ns1:termMaterialsTech ns1:type="http://terminology.lido-schema.org/termMaterialsTech_type/technique"><ns1:conceptID ns1:type="http://terminology.lido-schema.org/identifier_type/uri" ns1:source="http://d-nb.info/" ns1:pref="preferred">http://d-nb.info/gnd/4127475-1</ns1:conceptID><ns1:term xml:lang="de">Federzeichnung</ns1:term><ns1:term xml:lang="en">pen drawing</ns1:term></ns1:termMaterialsTech></ns1:materialsTech></ns1:eventMaterialsTech><ns1:eventMaterialsTech><ns1:displayMaterialsTech>Vorhanden</ns1:displayMaterialsTech><ns1:materialsTech><ns1:termMaterialsTech ns1:type="http://terminology.lido-schema.org/lido00427"><ns1:term>Vorhanden</ns1:term></ns1:termMaterialsTech></ns1:materialsTech></ns1:eventMaterialsTech></ns1:event></ns1:eventSet><ns1:eventSet><ns1:event><ns1:eventType><ns1:conceptID ns1:type="http://terminology.lido-schema.org/identifier_type/uri" ns1:source="http://terminology.lido-schema.org/eventType">http://terminology.lido-schema.org/eventType/acquisition</ns1:conceptID><ns1:term xml:lang="en">Acquisition</ns1:term></ns1:eventType><ns1:eventDescriptionSet><ns1:descriptiveNoteValue xml:lang="de">Erworben 1816 als Stiftung aus der Sammlung Johann Friedrich St&#228;del</ns1:descriptiveNoteValue></ns1:eventDescriptionSet></ns1:event></ns1:eventSet></ns1:eventWrap><ns1:objectRelationWrap><ns1:subjectWrap><ns1:subjectSet><ns1:subject><ns1:subjectConcept><ns1:conceptID ns1:type="http://terminology.lido-schema.org/identifier_type/uri" ns1:source="http://iconclass.org" ns1:pref="preferred">http://iconclass.org/25H114</ns1:conceptID><ns1:term xml:lang="de">H&#252;gellandschaft</ns1:term><ns1:term xml:lang="en">low hill country</ns1:term></ns1:subjectConcept><ns1:subjectConcept><ns1:conceptID ns1:type="http://terminology.lido-schema.org/identifier_type/uri" ns1:source="http://iconclass.org" ns1:pref="preferred">http://iconclass.org/25H2</ns1:conceptID><ns1:term xml:lang="de">Landschaften mit Gew&#228;ssern (in der gem&#228;&#223;igten Zone), Seest&#252;cke</ns1:term><ns1:term xml:lang="en">landscapes with waters, waterscapes, seascapes (in the temperate zone)</ns1:term></ns1:subjectConcept><ns1:subjectConcept><ns1:conceptID ns1:type="http://terminology.lido-schema.org/identifier_type/uri" ns1:source="http://iconclass.org" ns1:pref="preferred">http://iconclass.org/46C53</ns1:conceptID><ns1:term xml:lang="de">Wanderer</ns1:term><ns1:term xml:lang="en">migrants</ns1:term></ns1:subjectConcept><ns1:subjectConcept><ns1:conceptID ns1:type="http://terminology.lido-schema.org/identifier_type/uri" ns1:source="http://d-nb.info/" ns1:pref="preferred">http://d-nb.info/gnd/4034343-1</ns1:conceptID><ns1:conceptID ns1:type="http://terminology.lido-schema.org/identifier_type/local_identifier" ns1:pref="alternative">Motivgattung</ns1:conceptID><ns1:term xml:lang="de">Landschaft</ns1:term><ns1:term xml:lang="en">landscape</ns1:term></ns1:subjectConcept></ns1:subject></ns1:subjectSet></ns1:subjectWrap><ns1:relatedWorksWrap /></ns1:objectRelationWrap></ns1:descriptiveMetadata><ns1:administrativeMetadata xml:lang="de"><ns1:rightsWorkWrap><ns1:rightsWorkSet><ns1:rightsType><ns1:conceptID ns1:type="http://terminology.lido-schema.org/lido00099">https://creativecommons.org/publicdomain/mark/1.0</ns1:conceptID><ns1:term>Public Domain Mark 1.0</ns1:term></ns1:rightsType><ns1:creditLine>Public Domain</ns1:creditLine></ns1:rightsWorkSet></ns1:rightsWorkWrap><ns1:recordWrap><ns1:recordID ns1:type="http://terminology.lido-schema.org/identifier_type/local_identifier">114518</ns1:recordID><ns1:recordType><ns1:conceptID ns1:type="http://terminology.lido-schema.org/identifier_type/uri" ns1:source="http://terminology.lido-schema.org/recordType">http://terminology.lido-schema.org/recordType/item-level_record</ns1:conceptID><ns1:term xml:lang="de">Einzelobjekt</ns1:term><ns1:term xml:lang="en">Item-level record</ns1:term></ns1:recordType><ns1:recordSource><ns1:legalBodyID ns1:type="http://terminology.lido-schema.org/identifier_type/uri" ns1:source="ISIL (ISO 15511)">http://ld.zdb-services.de/resource/organisations/DE-MUS-048017</ns1:legalBodyID><ns1:legalBodyName><ns1:appellationValue>St&#228;del Museum</ns1:appellationValue></ns1:legalBodyName></ns1:recordSource><ns1:recordRights><ns1:rightsType><ns1:conceptID ns1:type="http://terminology.lido-schema.org/identifier_type/uri" ns1:source="http://creativecommons.org">https://creativecommons.org/publicdomain/zero/1.0/</ns1:conceptID><ns1:term>CC0 1.0 Universal (CC0 1.0)</ns1:term></ns1:rightsType><ns1:rightsHolder><ns1:legalBodyID ns1:type="http://terminology.lido-schema.org/identifier_type/uri" ns1:source="ISIL (ISO 15511)">http://ld.zdb-services.de/resource/organisations/DE-MUS-048017</ns1:legalBodyID><ns1:legalBodyName><ns1:appellationValue>St&#228;del Museum, Frankfurt</ns1:appellationValue></ns1:legalBodyName></ns1:rightsHolder></ns1:recordRights><ns1:recordInfoSet><ns1:recordInfoLink>https://www.staedelmuseum.de/go/ds/17420z</ns1:recordInfoLink></ns1:recordInfoSet></ns1:recordWrap><ns1:resourceWrap><ns1:resourceSet ns1:sortorder="1"><ns1:resourceID ns1:type="http://terminology.lido-schema.org/identifier_type/local_identifier">237f6ae96d339fbac88a4cc4a1a41ac1-5</ns1:resourceID><ns1:resourceRepresentation ns1:type="http://terminology.lido-schema.org/lido00451"><ns1:linkResource ns1:formatResource="image/jpeg">https://sammlung.staedelmuseum.de/images/114518/thumb-lg.jpg</ns1:linkResource></ns1:resourceRepresentation><ns1:resourceRepresentation ns1:type="http://terminology.lido-schema.org/lido00451"><ns1:linkResource ns1:formatResource="image/jpeg">https://sammlung.staedelmuseum.de/images/114518/thumb-xl.jpg</ns1:linkResource></ns1:resourceRepresentation><ns1:resourceRepresentation ns1:type="http://terminology.lido-schema.org/lido00464"><ns1:linkResource ns1:formatResource="image/png">https://sammlung.staedelmuseum.de/de/werk/baumbestandener-huegel-im-vordergrund-ein-gewaesser-mit-lage/download?sources=__default__&amp;token=3cf50ab836fc9855009ef713d695f678</ns1:linkResource></ns1:resourceRepresentation><ns1:rightsResource><ns1:rightsType><ns1:conceptID ns1:type="http://terminology.lido-schema.org/lido00099">https://creativecommons.org/publicdomain/mark/1.0</ns1:conceptID><ns1:term>Public Domain Mark 1.0</ns1:term></ns1:rightsType><ns1:creditLine>Public Domain</ns1:creditLine></ns1:rightsResource></ns1:resourceSet></ns1:resourceWrap></ns1:administrativeMetadata></ns1:lido></ns1:lidoWrap></ns0:metadata></ns0:record>