<ns0:record xmlns:ns0="http://www.openarchives.org/OAI/2.0/" xmlns:ns1="http://www.lido-schema.org" xmlns:xsi="http://www.w3.org/2001/XMLSchema-instance"><ns0:header><ns0:identifier>oai:DE-MUS-048017:2558</ns0:identifier><ns0:datestamp>2024-07-19T19:26:09Z</ns0:datestamp></ns0:header><ns0:metadata><ns1:lidoWrap xsi:schemaLocation="http://www.lido-schema.org http://www.lido-schema.org/schema/v1.0/lido-v1.0.xsd"><ns1:lido><ns1:lidoRecID ns1:type="http://terminology.lido-schema.org/identifier_type/local_identifier" ns1:source="http://ld.zdb-services.de/resource/organisations/DE-MUS-048017">DE-MUS-048017/lido/2558</ns1:lidoRecID><ns1:objectPublishedID ns1:type="http://terminology.lido-schema.org/identifier_type/local_identifier" ns1:source="http://ld.zdb-services.de/resource/organisations/DE-MUS-048017">DE-MUS-048017/object/2558</ns1:objectPublishedID><ns1:descriptiveMetadata xml:lang="de"><ns1:objectClassificationWrap><ns1:objectWorkTypeWrap><ns1:objectWorkType><ns1:conceptID ns1:type="http://terminology.lido-schema.org/identifier_type/uri" ns1:source="http://d-nb.info/" ns1:pref="preferred">http://d-nb.info/gnd/4122164-3</ns1:conceptID><ns1:term ns1:pref="preferred" xml:lang="de">Gem&#228;lde</ns1:term><ns1:term ns1:pref="preferred" xml:lang="en">painting (artwork)</ns1:term></ns1:objectWorkType></ns1:objectWorkTypeWrap><ns1:classificationWrap><ns1:classification ns1:type="Stilepoche"><ns1:conceptID ns1:type="http://terminology.lido-schema.org/identifier_type/uri" ns1:source="http://d-nb.info/" ns1:pref="preferred">http://d-nb.info/gnd/4004541-9</ns1:conceptID><ns1:term xml:lang="de">Barock</ns1:term><ns1:term xml:lang="en">Baroque</ns1:term></ns1:classification></ns1:classificationWrap></ns1:objectClassificationWrap><ns1:objectIdentificationWrap><ns1:titleWrap><ns1:titleSet ns1:type="http://vocab.getty.edu/aat/300417200"><ns1:appellationValue ns1:pref="preferred" xml:lang="de">Stillleben mit ger&#246;steten Maronen</ns1:appellationValue><ns1:appellationValue ns1:pref="preferred" xml:lang="en">Still Life with Roasted Chestnuts</ns1:appellationValue></ns1:titleSet></ns1:titleWrap><ns1:repositoryWrap><ns1:repositorySet ns1:type="http://terminology.lido-schema.org/repositorySet_type/current_repository_or_location"><ns1:repositoryName><ns1:legalBodyID ns1:type="http://terminology.lido-schema.org/identifier_type/uri" ns1:source="ISIL (ISO 15511)">http://ld.zdb-services.de/resource/organisations/DE-MUS-048017</ns1:legalBodyID><ns1:legalBodyName><ns1:appellationValue>St&#228;del Museum, Frankfurt</ns1:appellationValue></ns1:legalBodyName><ns1:legalBodyWeblink>https://www.staedelmuseum.de</ns1:legalBodyWeblink></ns1:repositoryName><ns1:workID ns1:type="Objekt ID">2558</ns1:workID><ns1:workID ns1:type="Inventarnummer">2558</ns1:workID><ns1:repositoryLocation><ns1:placeID ns1:type="http://terminology.lido-schema.org/identifier_type/uri" ns1:source="http://d-nb.info/">http://d-nb.info/gnd/4018118-2</ns1:placeID><ns1:namePlaceSet><ns1:appellationValue>Frankfurt am Main</ns1:appellationValue></ns1:namePlaceSet><ns1:placeClassification ns1:type="http://terminology.lido-schema.org/identifier_type/local_identifier"><ns1:conceptID ns1:type="http://terminology.lido-schema.org/identifier_type/local_identifier">G02_13</ns1:conceptID><ns1:term xml:lang="de">Ausgestellt, 2. Obergeschoss, Alte Meister, Raum 9</ns1:term><ns1:term xml:lang="en">On display, 2nd upper level, Old Masters, room 9</ns1:term></ns1:placeClassification></ns1:repositoryLocation></ns1:repositorySet></ns1:repositoryWrap><ns1:objectMeasurementsWrap><ns1:objectMeasurementsSet><ns1:displayObjectMeasurements xml:lang="de">32,5 x 30,5 cm</ns1:displayObjectMeasurements><ns1:displayObjectMeasurements xml:lang="en">32.5 x 30.5 cm</ns1:displayObjectMeasurements><ns1:objectMeasurements><ns1:measurementsSet><ns1:measurementType xml:lang="de">H&#246;he</ns1:measurementType><ns1:measurementType xml:lang="en">height</ns1:measurementType><ns1:measurementUnit>cm</ns1:measurementUnit><ns1:measurementValue>32.5</ns1:measurementValue></ns1:measurementsSet><ns1:measurementsSet><ns1:measurementType xml:lang="de">Breite</ns1:measurementType><ns1:measurementType xml:lang="en">width</ns1:measurementType><ns1:measurementUnit>cm</ns1:measurementUnit><ns1:measurementValue>30.5</ns1:measurementValue></ns1:measurementsSet></ns1:objectMeasurements></ns1:objectMeasurementsSet></ns1:objectMeasurementsWrap></ns1:objectIdentificationWrap><ns1:eventWrap><ns1:eventSet><ns1:event><ns1:eventType><ns1:conceptID ns1:type="http://terminology.lido-schema.org/identifier_type/uri" ns1:source="http://terminology.lido-schema.org/eventType">http://terminology.lido-schema.org/eventType/production</ns1:conceptID><ns1:term xml:lang="en">Production</ns1:term></ns1:eventType><ns1:eventActor ns1:sortorder="1"><ns1:displayActorInRole xml:lang="de">Gottfried de Wedig;  zugeschrieben; Maler</ns1:displayActorInRole><ns1:displayActorInRole xml:lang="en">Gottfried de Wedig;  zugeschrieben; painter</ns1:displayActorInRole><ns1:actorInRole><ns1:actor ns1:type="http://terminology.lido-schema.org/actor_type/person"><ns1:actorID ns1:type="http://terminology.lido-schema.org/identifier_type/uri" ns1:source="http://d-nb.info/" ns1:pref="preferred">http://d-nb.info/gnd/121155862</ns1:actorID><ns1:nameActorSet><ns1:appellationValue xml:lang="de">Wedig, Gottfried de</ns1:appellationValue><ns1:appellationValue xml:lang="en">Wedig, Gottfried de</ns1:appellationValue></ns1:nameActorSet><ns1:vitalDatesActor><ns1:earliestDate ns1:type="birthDate">1583</ns1:earliestDate><ns1:latestDate ns1:type="deathDate">1641</ns1:latestDate></ns1:vitalDatesActor></ns1:actor><ns1:roleActor><ns1:conceptID ns1:type="http://terminology.lido-schema.org/identifier_type/uri" ns1:source="http://d-nb.info/" ns1:pref="preferred">http://d-nb.info/gnd/4037215-7</ns1:conceptID><ns1:term xml:lang="de">Maler</ns1:term><ns1:term xml:lang="en">painter</ns1:term></ns1:roleActor><ns1:attributionQualifierActor xml:lang="de">zugeschrieben</ns1:attributionQualifierActor><ns1:attributionQualifierActor xml:lang="en">zugeschrieben</ns1:attributionQualifierActor></ns1:actorInRole></ns1:eventActor><ns1:eventDate><ns1:displayDate xml:lang="de">ca. 1630</ns1:displayDate><ns1:displayDate xml:lang="en">ca. 1630</ns1:displayDate><ns1:date><ns1:earliestDate>1630</ns1:earliestDate><ns1:latestDate>1630</ns1:latestDate></ns1:date></ns1:eventDate><ns1:eventMaterialsTech><ns1:displayMaterialsTech xml:lang="de">&#214;l auf Holz</ns1:displayMaterialsTech><ns1:displayMaterialsTech xml:lang="en">oil on wood</ns1:displayMaterialsTech><ns1:materialsTech><ns1:termMaterialsTech ns1:type="http://terminology.lido-schema.org/termMaterialsTech_type/material"><ns1:conceptID ns1:type="http://terminology.lido-schema.org/identifier_type/uri" ns1:source="http://d-nb.info/" ns1:pref="preferred">http://d-nb.info/gnd/4025668-6</ns1:conceptID><ns1:term xml:lang="de">Holz</ns1:term><ns1:term xml:lang="en">wood</ns1:term></ns1:termMaterialsTech><ns1:termMaterialsTech ns1:type="http://terminology.lido-schema.org/termMaterialsTech_type/technique"><ns1:conceptID ns1:type="http://terminology.lido-schema.org/identifier_type/uri" ns1:source="http://d-nb.info/" ns1:pref="preferred">http://d-nb.info/gnd/4043238-5</ns1:conceptID><ns1:term xml:lang="de">&#214;l</ns1:term><ns1:term xml:lang="en">oil</ns1:term></ns1:termMaterialsTech></ns1:materialsTech></ns1:eventMaterialsTech></ns1:event></ns1:eventSet><ns1:eventSet><ns1:event><ns1:eventType><ns1:conceptID ns1:type="http://terminology.lido-schema.org/identifier_type/uri" ns1:source="http://terminology.lido-schema.org/eventType">http://terminology.lido-schema.org/lido00227</ns1:conceptID><ns1:term xml:lang="en">Provenance</ns1:term></ns1:eventType><ns1:eventDescriptionSet><ns1:descriptiveNoteValue xml:lang="de">&#8230; ; Verst. Dorotheum, Wien, 4. Oktober 2000 (Los-Nr. 395); &#8230; ; Privatbesitz, Bremen; &#8230; ; Verst. Bassenge, Berlin, an das St&#228;delsche Kunstinstitut, Frankfurt am Main, 10. Juni 2021 (Los-Nr. 6012).

</ns1:descriptiveNoteValue><ns1:descriptiveNoteValue xml:lang="en">&#8230; ; Verst. Dorotheum, Wien, 4. Oktober 2000 (Los-Nr. 395); &#8230; ; Privatbesitz, Bremen; &#8230; ; Verst. Bassenge, Berlin, an das St&#228;delsche Kunstinstitut, Frankfurt am Main, 10. Juni 2021 (Los-Nr. 6012).

</ns1:descriptiveNoteValue></ns1:eventDescriptionSet></ns1:event></ns1:eventSet><ns1:eventSet><ns1:event><ns1:eventType><ns1:conceptID ns1:type="http://terminology.lido-schema.org/identifier_type/uri" ns1:source="http://terminology.lido-schema.org/eventType">http://terminology.lido-schema.org/eventType/acquisition</ns1:conceptID><ns1:term xml:lang="en">Acquisition</ns1:term></ns1:eventType><ns1:eventDescriptionSet><ns1:descriptiveNoteValue xml:lang="de">Erworben 2021 mit Mitteln aus dem Nachlass Hedwig und Hermann Cornella (Waldgirmes) und dem Nachlass Werner Wirthle</ns1:descriptiveNoteValue><ns1:descriptiveNoteValue xml:lang="en">Acquired in 2021 means from the estate of Hedwig and Hermann Cornella (Waldgirmes) and the estate of Werner Wirthle</ns1:descriptiveNoteValue></ns1:eventDescriptionSet></ns1:event></ns1:eventSet></ns1:eventWrap><ns1:objectRelationWrap><ns1:subjectWrap><ns1:subjectSet><ns1:subject><ns1:subjectConcept><ns1:conceptID ns1:type="http://terminology.lido-schema.org/identifier_type/uri" ns1:source="http://iconclass.org" ns1:pref="preferred">http://iconclass.org/41C6</ns1:conceptID><ns1:term xml:lang="de">Lebensmittel; Stillleben mit Lebensmitteln</ns1:term><ns1:term xml:lang="en">foodstuffs; still life of foodstuffs</ns1:term></ns1:subjectConcept><ns1:subjectConcept><ns1:conceptID ns1:type="http://terminology.lido-schema.org/identifier_type/uri" ns1:source="http://iconclass.org" ns1:pref="preferred">http://iconclass.org/41C38</ns1:conceptID><ns1:term xml:lang="de">gedeckter Tisch als Stillleben</ns1:term><ns1:term xml:lang="en">laid table as still life</ns1:term></ns1:subjectConcept><ns1:subjectConcept><ns1:conceptID ns1:type="http://terminology.lido-schema.org/identifier_type/uri" ns1:source="http://iconclass.org" ns1:pref="preferred">http://iconclass.org/41C34</ns1:conceptID><ns1:term xml:lang="de">E&#223;service, E&#223;geschirr</ns1:term><ns1:term xml:lang="en">dinner-service</ns1:term></ns1:subjectConcept><ns1:subjectConcept><ns1:conceptID ns1:type="http://terminology.lido-schema.org/identifier_type/uri" ns1:source="http://iconclass.org" ns1:pref="preferred">http://iconclass.org/25G21</ns1:conceptID><ns1:term xml:lang="de">Fr&#252;chte</ns1:term><ns1:term xml:lang="en">fruits</ns1:term></ns1:subjectConcept><ns1:subjectConcept><ns1:conceptID ns1:type="http://terminology.lido-schema.org/identifier_type/uri" ns1:source="http://iconclass.org" ns1:pref="preferred">http://iconclass.org/25G21(APPLE)</ns1:conceptID><ns1:term xml:lang="de">Fr&#252;chte: Apfel</ns1:term><ns1:term xml:lang="en">fruits: apple</ns1:term></ns1:subjectConcept><ns1:subjectConcept><ns1:conceptID ns1:type="http://terminology.lido-schema.org/identifier_type/uri" ns1:source="http://iconclass.org" ns1:pref="preferred">http://iconclass.org/41C621</ns1:conceptID><ns1:term xml:lang="de">Brot, Brotlaib</ns1:term><ns1:term xml:lang="en">bread, loaf</ns1:term></ns1:subjectConcept><ns1:subjectConcept><ns1:conceptID ns1:type="http://terminology.lido-schema.org/identifier_type/uri" ns1:source="http://iconclass.org" ns1:pref="preferred">http://iconclass.org/25G21(CHESTNUT)</ns1:conceptID><ns1:term xml:lang="de">Fr&#252;chte: Kastanie</ns1:term><ns1:term xml:lang="en">fruits: chestnut</ns1:term></ns1:subjectConcept><ns1:subjectConcept><ns1:conceptID ns1:type="http://terminology.lido-schema.org/identifier_type/uri" ns1:source="http://iconclass.org" ns1:pref="preferred">http://iconclass.org/41C341</ns1:conceptID><ns1:term xml:lang="de">Teller, Platte</ns1:term><ns1:term xml:lang="en">dish, plate, saucer</ns1:term></ns1:subjectConcept><ns1:subjectConcept><ns1:conceptID ns1:type="http://terminology.lido-schema.org/identifier_type/uri" ns1:source="http://iconclass.org" ns1:pref="preferred">http://iconclass.org/41B31</ns1:conceptID><ns1:term xml:lang="de">Kerze</ns1:term><ns1:term xml:lang="en">candle</ns1:term></ns1:subjectConcept><ns1:subjectConcept><ns1:conceptID ns1:type="http://terminology.lido-schema.org/identifier_type/uri" ns1:source="http://iconclass.org" ns1:pref="preferred">http://iconclass.org/41B313</ns1:conceptID><ns1:term xml:lang="de">Kerzenst&#228;nder</ns1:term><ns1:term xml:lang="en">candlestick</ns1:term></ns1:subjectConcept><ns1:subjectConcept><ns1:conceptID ns1:type="http://terminology.lido-schema.org/identifier_type/uri" ns1:source="http://iconclass.org" ns1:pref="preferred">http://iconclass.org/41A773</ns1:conceptID><ns1:term xml:lang="de">Beh&#228;lter aus Keramik: Gef&#228;&#223;, Krug, Topf, Vase</ns1:term><ns1:term xml:lang="en">container of ceramics: jar, jug, pot, vase</ns1:term></ns1:subjectConcept><ns1:subjectConcept><ns1:conceptID ns1:type="http://terminology.lido-schema.org/identifier_type/uri" ns1:source="http://d-nb.info/" ns1:pref="preferred">http://d-nb.info/gnd/4057577-9</ns1:conceptID><ns1:conceptID ns1:type="http://terminology.lido-schema.org/identifier_type/local_identifier" ns1:pref="alternative">Motivgattung</ns1:conceptID><ns1:term xml:lang="de">Stillleben</ns1:term><ns1:term xml:lang="en">still life</ns1:term></ns1:subjectConcept><ns1:subjectConcept><ns1:conceptID ns1:type="http://terminology.lido-schema.org/identifier_type/uri" ns1:source="http://d-nb.info/" ns1:pref="preferred">http://d-nb.info/gnd/4140542-0</ns1:conceptID><ns1:conceptID ns1:type="http://terminology.lido-schema.org/identifier_type/local_identifier" ns1:pref="alternative">Motiv</ns1:conceptID><ns1:term xml:lang="de">Geschirr (Hausrat)</ns1:term><ns1:term xml:lang="en">dinnerware</ns1:term></ns1:subjectConcept><ns1:subjectConcept><ns1:conceptID ns1:type="http://terminology.lido-schema.org/identifier_type/uri" ns1:source="http://d-nb.info/" ns1:pref="preferred">http://d-nb.info/gnd/4130857-8</ns1:conceptID><ns1:conceptID ns1:type="http://terminology.lido-schema.org/identifier_type/local_identifier" ns1:pref="alternative">Motiv</ns1:conceptID><ns1:term xml:lang="de">Frucht</ns1:term><ns1:term xml:lang="en">progeny</ns1:term></ns1:subjectConcept><ns1:subjectConcept><ns1:conceptID ns1:type="http://terminology.lido-schema.org/identifier_type/uri" ns1:source="http://d-nb.info/" ns1:pref="preferred">http://d-nb.info/gnd/4130857-8</ns1:conceptID><ns1:conceptID ns1:type="http://terminology.lido-schema.org/identifier_type/local_identifier" ns1:pref="alternative">Bildelement</ns1:conceptID><ns1:term xml:lang="de">Frucht</ns1:term><ns1:term xml:lang="en">progeny</ns1:term></ns1:subjectConcept><ns1:subjectConcept><ns1:conceptID ns1:type="http://terminology.lido-schema.org/identifier_type/uri" ns1:source="http://d-nb.info/" ns1:pref="preferred">http://d-nb.info/gnd/4002405-2</ns1:conceptID><ns1:conceptID ns1:type="http://terminology.lido-schema.org/identifier_type/local_identifier" ns1:pref="alternative">Bildelement</ns1:conceptID><ns1:term xml:lang="de">Apfel</ns1:term><ns1:term xml:lang="en">apple</ns1:term></ns1:subjectConcept><ns1:subjectConcept><ns1:conceptID ns1:type="http://terminology.lido-schema.org/identifier_type/uri" ns1:source="http://d-nb.info/" ns1:pref="preferred">http://d-nb.info/gnd/4201616-2</ns1:conceptID><ns1:conceptID ns1:type="http://terminology.lido-schema.org/identifier_type/local_identifier" ns1:pref="alternative">Bildelement</ns1:conceptID><ns1:term xml:lang="de">Kastanie</ns1:term><ns1:term xml:lang="en">chestnut tree</ns1:term></ns1:subjectConcept><ns1:subjectConcept><ns1:conceptID ns1:type="http://terminology.lido-schema.org/identifier_type/uri" ns1:source="http://d-nb.info/" ns1:pref="preferred">http://d-nb.info/gnd/4184660-6</ns1:conceptID><ns1:conceptID ns1:type="http://terminology.lido-schema.org/identifier_type/local_identifier" ns1:pref="alternative">Bildelement</ns1:conceptID><ns1:term xml:lang="de">Teller</ns1:term><ns1:term xml:lang="en">plate</ns1:term></ns1:subjectConcept><ns1:subjectConcept><ns1:conceptID ns1:type="http://terminology.lido-schema.org/identifier_type/uri" ns1:source="http://d-nb.info/" ns1:pref="preferred">http://d-nb.info/gnd/4033299-8</ns1:conceptID><ns1:conceptID ns1:type="http://terminology.lido-schema.org/identifier_type/local_identifier" ns1:pref="alternative">Bildelement</ns1:conceptID><ns1:term xml:lang="de">Krug</ns1:term><ns1:term xml:lang="en">pitcher</ns1:term></ns1:subjectConcept><ns1:subjectConcept><ns1:conceptID ns1:type="http://terminology.lido-schema.org/identifier_type/uri" ns1:source="http://d-nb.info/" ns1:pref="preferred">http://d-nb.info/gnd/4043886-7</ns1:conceptID><ns1:conceptID ns1:type="http://terminology.lido-schema.org/identifier_type/local_identifier" ns1:pref="alternative">Bildelement</ns1:conceptID><ns1:term xml:lang="de">Ornament</ns1:term><ns1:term xml:lang="en">ornament</ns1:term></ns1:subjectConcept><ns1:subjectConcept><ns1:conceptID ns1:type="http://terminology.lido-schema.org/identifier_type/uri" ns1:source="http://d-nb.info/" ns1:pref="preferred">http://d-nb.info/gnd/4768168-8</ns1:conceptID><ns1:conceptID ns1:type="http://terminology.lido-schema.org/identifier_type/local_identifier" ns1:pref="alternative">Bildelement</ns1:conceptID><ns1:term xml:lang="de">Muster</ns1:term><ns1:term xml:lang="en">pattern</ns1:term></ns1:subjectConcept><ns1:subjectConcept><ns1:conceptID ns1:type="http://terminology.lido-schema.org/identifier_type/uri" ns1:source="http://d-nb.info/" ns1:pref="preferred">http://d-nb.info/gnd/4126533-6</ns1:conceptID><ns1:conceptID ns1:type="http://terminology.lido-schema.org/identifier_type/local_identifier" ns1:pref="alternative">Bildelement</ns1:conceptID><ns1:term xml:lang="de">Vase</ns1:term><ns1:term xml:lang="en">vase</ns1:term></ns1:subjectConcept><ns1:subjectConcept><ns1:conceptID ns1:type="http://terminology.lido-schema.org/identifier_type/uri" ns1:source="http://d-nb.info/" ns1:pref="preferred">http://d-nb.info/gnd/4030375-5</ns1:conceptID><ns1:conceptID ns1:type="http://terminology.lido-schema.org/identifier_type/local_identifier" ns1:pref="alternative">Bildelement</ns1:conceptID><ns1:term xml:lang="de">Kerze</ns1:term><ns1:term xml:lang="en">candle</ns1:term></ns1:subjectConcept><ns1:subjectConcept><ns1:conceptID ns1:type="http://terminology.lido-schema.org/identifier_type/uri" ns1:source="http://d-nb.info/" ns1:pref="preferred">http://d-nb.info/gnd/4154542-4</ns1:conceptID><ns1:conceptID ns1:type="http://terminology.lido-schema.org/identifier_type/local_identifier" ns1:pref="alternative">Bildelement</ns1:conceptID><ns1:term xml:lang="de">Flamme</ns1:term><ns1:term xml:lang="en">flame</ns1:term></ns1:subjectConcept><ns1:subjectConcept><ns1:conceptID ns1:type="http://terminology.lido-schema.org/identifier_type/uri" ns1:source="http://d-nb.info/" ns1:pref="preferred">http://d-nb.info/gnd/4035479-9</ns1:conceptID><ns1:conceptID ns1:type="http://terminology.lido-schema.org/identifier_type/local_identifier" ns1:pref="alternative">Bildelement</ns1:conceptID><ns1:term xml:lang="de">Kerzenleuchter</ns1:term><ns1:term xml:lang="en">candlestick</ns1:term></ns1:subjectConcept><ns1:subjectConcept><ns1:conceptID ns1:type="http://terminology.lido-schema.org/identifier_type/local_identifier" ns1:pref="alternative">Bildelement</ns1:conceptID><ns1:term xml:lang="de">Kerzenlicht</ns1:term><ns1:term xml:lang="en">candlelight</ns1:term></ns1:subjectConcept><ns1:subjectConcept><ns1:conceptID ns1:type="http://terminology.lido-schema.org/identifier_type/uri" ns1:source="http://d-nb.info/" ns1:pref="preferred">http://d-nb.info/gnd/4052097-3</ns1:conceptID><ns1:conceptID ns1:type="http://terminology.lido-schema.org/identifier_type/local_identifier" ns1:pref="alternative">Bildelement</ns1:conceptID><ns1:term xml:lang="de">Schatten</ns1:term><ns1:term xml:lang="en">shadow</ns1:term></ns1:subjectConcept><ns1:subjectConcept><ns1:conceptID ns1:type="http://terminology.lido-schema.org/identifier_type/uri" ns1:source="http://d-nb.info/" ns1:pref="preferred">http://d-nb.info/gnd/4035596-2</ns1:conceptID><ns1:conceptID ns1:type="http://terminology.lido-schema.org/identifier_type/local_identifier" ns1:pref="alternative">Bildelement</ns1:conceptID><ns1:term xml:lang="de">Licht</ns1:term><ns1:term xml:lang="en">light</ns1:term></ns1:subjectConcept><ns1:subjectConcept><ns1:conceptID ns1:type="http://terminology.lido-schema.org/identifier_type/uri" ns1:source="http://d-nb.info/" ns1:pref="preferred">http://d-nb.info/gnd/4008364-0</ns1:conceptID><ns1:conceptID ns1:type="http://terminology.lido-schema.org/identifier_type/local_identifier" ns1:pref="alternative">Bildelement</ns1:conceptID><ns1:term xml:lang="de">Brot</ns1:term><ns1:term xml:lang="en">bread</ns1:term></ns1:subjectConcept><ns1:subjectConcept><ns1:conceptID ns1:type="http://terminology.lido-schema.org/identifier_type/local_identifier" ns1:pref="alternative">Bildelement</ns1:conceptID><ns1:term xml:lang="de">Lichtreflex</ns1:term><ns1:term xml:lang="en">light reflection</ns1:term></ns1:subjectConcept><ns1:subjectConcept><ns1:conceptID ns1:type="http://terminology.lido-schema.org/identifier_type/uri" ns1:source="http://d-nb.info/" ns1:pref="preferred">http://d-nb.info/gnd/4052004-3</ns1:conceptID><ns1:conceptID ns1:type="http://terminology.lido-schema.org/identifier_type/local_identifier" ns1:pref="alternative">Bildelement</ns1:conceptID><ns1:term xml:lang="de">Schale (Biologie)</ns1:term><ns1:term xml:lang="en">husk</ns1:term></ns1:subjectConcept><ns1:subjectConcept><ns1:conceptID ns1:type="http://terminology.lido-schema.org/identifier_type/local_identifier" ns1:pref="alternative">Bildelement</ns1:conceptID><ns1:term xml:lang="de">Deckelkrug</ns1:term><ns1:term xml:lang="en">tankard</ns1:term></ns1:subjectConcept><ns1:subjectConcept><ns1:conceptID ns1:type="http://terminology.lido-schema.org/identifier_type/uri" ns1:source="http://d-nb.info/" ns1:pref="preferred">http://d-nb.info/gnd/4127840-9</ns1:conceptID><ns1:conceptID ns1:type="http://terminology.lido-schema.org/identifier_type/local_identifier" ns1:pref="alternative">Bildelement</ns1:conceptID><ns1:term xml:lang="de">Steingut</ns1:term><ns1:term xml:lang="en">earthenware</ns1:term></ns1:subjectConcept><ns1:subjectConcept><ns1:conceptID ns1:type="http://terminology.lido-schema.org/identifier_type/local_identifier" ns1:pref="alternative">Bildelement</ns1:conceptID><ns1:term xml:lang="de">Zinnteller</ns1:term><ns1:term xml:lang="en">pewter plate</ns1:term></ns1:subjectConcept><ns1:subjectConcept><ns1:conceptID ns1:type="http://terminology.lido-schema.org/identifier_type/uri" ns1:source="http://d-nb.info/" ns1:pref="preferred">http://d-nb.info/gnd/4774388-8</ns1:conceptID><ns1:conceptID ns1:type="http://terminology.lido-schema.org/identifier_type/local_identifier" ns1:pref="alternative">Bildelement</ns1:conceptID><ns1:term xml:lang="de">Brett</ns1:term><ns1:term xml:lang="en">board</ns1:term></ns1:subjectConcept><ns1:subjectConcept><ns1:conceptID ns1:type="http://terminology.lido-schema.org/identifier_type/uri" ns1:source="http://d-nb.info/" ns1:pref="preferred">http://d-nb.info/gnd/4009236-7</ns1:conceptID><ns1:conceptID ns1:type="http://terminology.lido-schema.org/identifier_type/local_identifier" ns1:pref="alternative">Assoziation</ns1:conceptID><ns1:term xml:lang="de">Butter</ns1:term><ns1:term xml:lang="en">butter</ns1:term></ns1:subjectConcept><ns1:subjectConcept><ns1:conceptID ns1:type="http://terminology.lido-schema.org/identifier_type/uri" ns1:source="http://d-nb.info/" ns1:pref="preferred">http://d-nb.info/gnd/4134822-9</ns1:conceptID><ns1:conceptID ns1:type="http://terminology.lido-schema.org/identifier_type/local_identifier" ns1:pref="alternative">Assoziation</ns1:conceptID><ns1:term xml:lang="de">Mahlzeit</ns1:term><ns1:term xml:lang="en">meal</ns1:term></ns1:subjectConcept><ns1:subjectConcept><ns1:conceptID ns1:type="http://terminology.lido-schema.org/identifier_type/uri" ns1:source="http://d-nb.info/" ns1:pref="preferred">http://d-nb.info/gnd/4521782-8</ns1:conceptID><ns1:conceptID ns1:type="http://terminology.lido-schema.org/identifier_type/local_identifier" ns1:pref="alternative">Assoziation</ns1:conceptID><ns1:term xml:lang="de">Abend</ns1:term><ns1:term xml:lang="en">evening</ns1:term></ns1:subjectConcept><ns1:subjectConcept><ns1:conceptID ns1:type="http://terminology.lido-schema.org/identifier_type/uri" ns1:source="http://d-nb.info/" ns1:pref="preferred">http://d-nb.info/gnd/4141003-8</ns1:conceptID><ns1:conceptID ns1:type="http://terminology.lido-schema.org/identifier_type/local_identifier" ns1:pref="alternative">Assoziation</ns1:conceptID><ns1:term xml:lang="de">Abendessen</ns1:term><ns1:term xml:lang="en">dinner</ns1:term></ns1:subjectConcept><ns1:subjectConcept><ns1:conceptID ns1:type="http://terminology.lido-schema.org/identifier_type/uri" ns1:source="http://d-nb.info/" ns1:pref="preferred">http://d-nb.info/gnd/4013840-9</ns1:conceptID><ns1:conceptID ns1:type="http://terminology.lido-schema.org/identifier_type/local_identifier" ns1:pref="alternative">Assoziation</ns1:conceptID><ns1:term xml:lang="de">Einfachheit</ns1:term><ns1:term xml:lang="en">simplicity</ns1:term></ns1:subjectConcept><ns1:subjectConcept><ns1:conceptID ns1:type="http://terminology.lido-schema.org/identifier_type/uri" ns1:source="http://d-nb.info/" ns1:pref="preferred">http://d-nb.info/gnd/4193315-1</ns1:conceptID><ns1:conceptID ns1:type="http://terminology.lido-schema.org/identifier_type/local_identifier" ns1:pref="alternative">Assoziation</ns1:conceptID><ns1:term xml:lang="de">Tisch</ns1:term><ns1:term xml:lang="en">table</ns1:term></ns1:subjectConcept><ns1:subjectConcept><ns1:conceptID ns1:type="http://terminology.lido-schema.org/identifier_type/uri" ns1:source="http://d-nb.info/" ns1:pref="preferred">http://d-nb.info/gnd/4190829-6</ns1:conceptID><ns1:conceptID ns1:type="http://terminology.lido-schema.org/identifier_type/local_identifier" ns1:pref="alternative">Assoziation</ns1:conceptID><ns1:term xml:lang="de">Zimmer</ns1:term><ns1:term xml:lang="en">room</ns1:term></ns1:subjectConcept><ns1:subjectConcept><ns1:conceptID ns1:type="http://terminology.lido-schema.org/identifier_type/uri" ns1:source="http://d-nb.info/" ns1:pref="preferred">http://d-nb.info/gnd/4150867-1</ns1:conceptID><ns1:conceptID ns1:type="http://terminology.lido-schema.org/identifier_type/local_identifier" ns1:pref="alternative">Assoziation</ns1:conceptID><ns1:term xml:lang="de">Dunkelheit</ns1:term><ns1:term xml:lang="en">darkness</ns1:term></ns1:subjectConcept><ns1:subjectConcept><ns1:conceptID ns1:type="http://terminology.lido-schema.org/identifier_type/local_identifier" ns1:pref="alternative">Emotion</ns1:conceptID><ns1:term xml:lang="de">beruhigend</ns1:term><ns1:term xml:lang="en">soothing, calming</ns1:term></ns1:subjectConcept><ns1:subjectConcept><ns1:conceptID ns1:type="http://terminology.lido-schema.org/identifier_type/local_identifier" ns1:pref="alternative">Emotion</ns1:conceptID><ns1:term xml:lang="de">ernsthaft</ns1:term><ns1:term xml:lang="en">earnestly</ns1:term></ns1:subjectConcept><ns1:subjectConcept><ns1:conceptID ns1:type="http://terminology.lido-schema.org/identifier_type/local_identifier" ns1:pref="alternative">Emotion</ns1:conceptID><ns1:term xml:lang="de">nachdenklich</ns1:term><ns1:term xml:lang="en">thoughtful</ns1:term></ns1:subjectConcept><ns1:subjectConcept><ns1:conceptID ns1:type="http://terminology.lido-schema.org/identifier_type/uri" ns1:source="http://d-nb.info/" ns1:pref="preferred">http://d-nb.info/gnd/4140772-6</ns1:conceptID><ns1:conceptID ns1:type="http://terminology.lido-schema.org/identifier_type/local_identifier" ns1:pref="alternative">Atmosph&#228;re</ns1:conceptID><ns1:term xml:lang="de">Ruhe</ns1:term><ns1:term xml:lang="en">calm</ns1:term></ns1:subjectConcept><ns1:subjectConcept><ns1:conceptID ns1:type="http://terminology.lido-schema.org/identifier_type/uri" ns1:source="http://d-nb.info/" ns1:pref="preferred">http://d-nb.info/gnd/4032275-0</ns1:conceptID><ns1:conceptID ns1:type="http://terminology.lido-schema.org/identifier_type/local_identifier" ns1:pref="alternative">Atmosph&#228;re</ns1:conceptID><ns1:term xml:lang="de">Kontemplation</ns1:term><ns1:term xml:lang="en">contemplation</ns1:term></ns1:subjectConcept><ns1:subjectConcept><ns1:conceptID ns1:type="http://terminology.lido-schema.org/identifier_type/uri" ns1:source="http://d-nb.info/" ns1:pref="preferred">http://d-nb.info/gnd/4162511-0</ns1:conceptID><ns1:conceptID ns1:type="http://terminology.lido-schema.org/identifier_type/local_identifier" ns1:pref="alternative">Atmosph&#228;re</ns1:conceptID><ns1:term xml:lang="de">Isolation</ns1:term><ns1:term xml:lang="en">isolation</ns1:term></ns1:subjectConcept><ns1:subjectConcept><ns1:conceptID ns1:type="http://terminology.lido-schema.org/identifier_type/uri" ns1:source="http://d-nb.info/" ns1:pref="preferred">http://d-nb.info/gnd/4156316-5</ns1:conceptID><ns1:conceptID ns1:type="http://terminology.lido-schema.org/identifier_type/local_identifier" ns1:pref="alternative">Atmosph&#228;re</ns1:conceptID><ns1:term xml:lang="de">Geheimnis</ns1:term><ns1:term xml:lang="en">secret</ns1:term></ns1:subjectConcept></ns1:subject></ns1:subjectSet></ns1:subjectWrap><ns1:relatedWorksWrap /></ns1:objectRelationWrap></ns1:descriptiveMetadata><ns1:administrativeMetadata xml:lang="de"><ns1:rightsWorkWrap><ns1:rightsWorkSet><ns1:rightsType><ns1:conceptID ns1:type="http://terminology.lido-schema.org/lido00099">https://creativecommons.org/publicdomain/mark/1.0</ns1:conceptID><ns1:term>Public Domain Mark 1.0</ns1:term></ns1:rightsType><ns1:creditLine>Public Domain</ns1:creditLine></ns1:rightsWorkSet></ns1:rightsWorkWrap><ns1:recordWrap><ns1:recordID ns1:type="http://terminology.lido-schema.org/identifier_type/local_identifier">131874</ns1:recordID><ns1:recordType><ns1:conceptID ns1:type="http://terminology.lido-schema.org/identifier_type/uri" ns1:source="http://terminology.lido-schema.org/recordType">http://terminology.lido-schema.org/recordType/item-level_record</ns1:conceptID><ns1:term xml:lang="de">Einzelobjekt</ns1:term><ns1:term xml:lang="en">Item-level record</ns1:term></ns1:recordType><ns1:recordSource><ns1:legalBodyID ns1:type="http://terminology.lido-schema.org/identifier_type/uri" ns1:source="ISIL (ISO 15511)">http://ld.zdb-services.de/resource/organisations/DE-MUS-048017</ns1:legalBodyID><ns1:legalBodyName><ns1:appellationValue>St&#228;del Museum</ns1:appellationValue></ns1:legalBodyName></ns1:recordSource><ns1:recordRights><ns1:rightsType><ns1:conceptID ns1:type="http://terminology.lido-schema.org/identifier_type/uri" ns1:source="http://creativecommons.org">https://creativecommons.org/publicdomain/zero/1.0/</ns1:conceptID><ns1:term>CC0 1.0 Universal (CC0 1.0)</ns1:term></ns1:rightsType><ns1:rightsHolder><ns1:legalBodyID ns1:type="http://terminology.lido-schema.org/identifier_type/uri" ns1:source="ISIL (ISO 15511)">http://ld.zdb-services.de/resource/organisations/DE-MUS-048017</ns1:legalBodyID><ns1:legalBodyName><ns1:appellationValue>St&#228;del Museum, Frankfurt</ns1:appellationValue></ns1:legalBodyName></ns1:rightsHolder></ns1:recordRights><ns1:recordInfoSet><ns1:recordInfoLink>https://www.staedelmuseum.de/go/ds/2558</ns1:recordInfoLink></ns1:recordInfoSet></ns1:recordWrap><ns1:resourceWrap><ns1:resourceSet ns1:sortorder="1"><ns1:resourceID ns1:type="http://terminology.lido-schema.org/identifier_type/local_identifier">69275b2592956bc461e1c699cd8120d6</ns1:resourceID><ns1:resourceRepresentation ns1:type="http://terminology.lido-schema.org/lido00451"><ns1:linkResource ns1:formatResource="image/jpeg">https://sammlung.staedelmuseum.de/images/131874/thumb-lg.jpg</ns1:linkResource></ns1:resourceRepresentation><ns1:resourceRepresentation ns1:type="http://terminology.lido-schema.org/lido00451"><ns1:linkResource ns1:formatResource="image/jpeg">https://sammlung.staedelmuseum.de/images/131874/thumb-xl.jpg</ns1:linkResource></ns1:resourceRepresentation><ns1:resourceRepresentation ns1:type="http://terminology.lido-schema.org/lido00464"><ns1:linkResource ns1:formatResource="image/png">https://sammlung.staedelmuseum.de/de/werk/stillleben-mit-geroesteten-maronen/download?sources=__default__&amp;token=fe2cfc73e5902e1118a060f5790c3e90</ns1:linkResource></ns1:resourceRepresentation><ns1:rightsResource><ns1:rightsType><ns1:conceptID ns1:type="http://terminology.lido-schema.org/lido00099">https://creativecommons.org/publicdomain/mark/1.0</ns1:conceptID><ns1:term>Public Domain Mark 1.0</ns1:term></ns1:rightsType><ns1:creditLine>Public Domain</ns1:creditLine></ns1:rightsResource></ns1:resourceSet></ns1:resourceWrap></ns1:administrativeMetadata></ns1:lido></ns1:lidoWrap></ns0:metadata></ns0:record>