<ns0:record xmlns:ns0="http://www.openarchives.org/OAI/2.0/" xmlns:ns1="http://www.lido-schema.org" xmlns:xsi="http://www.w3.org/2001/XMLSchema-instance"><ns0:header><ns0:identifier>oai:DE-MUS-048017:67058d</ns0:identifier><ns0:datestamp>2024-12-20T12:41:31Z</ns0:datestamp><ns0:setSpec>scope:graphics</ns0:setSpec></ns0:header><ns0:metadata><ns1:lidoWrap xsi:schemaLocation="http://www.lido-schema.org http://www.lido-schema.org/schema/v1.0/lido-v1.0.xsd"><ns1:lido><ns1:lidoRecID ns1:type="http://terminology.lido-schema.org/identifier_type/local_identifier" ns1:source="http://ld.zdb-services.de/resource/organisations/DE-MUS-048017">DE-MUS-048017/lido/67058d</ns1:lidoRecID><ns1:objectPublishedID ns1:type="http://terminology.lido-schema.org/identifier_type/local_identifier" ns1:source="http://ld.zdb-services.de/resource/organisations/DE-MUS-048017">DE-MUS-048017/object/67058d</ns1:objectPublishedID><ns1:descriptiveMetadata xml:lang="de"><ns1:objectClassificationWrap><ns1:objectWorkTypeWrap><ns1:objectWorkType><ns1:conceptID ns1:type="http://terminology.lido-schema.org/identifier_type/uri" ns1:source="http://d-nb.info/" ns1:pref="preferred">http://d-nb.info/gnd/4113357-2</ns1:conceptID><ns1:term ns1:pref="preferred" xml:lang="de">Druckgrafik</ns1:term><ns1:term ns1:pref="preferred" xml:lang="en">art print</ns1:term></ns1:objectWorkType></ns1:objectWorkTypeWrap><ns1:classificationWrap /></ns1:objectClassificationWrap><ns1:objectIdentificationWrap><ns1:titleWrap><ns1:titleSet ns1:type="http://vocab.getty.edu/aat/300417200"><ns1:appellationValue ns1:pref="preferred" xml:lang="de">Vue de la ville de Maaslins (Hollande)</ns1:appellationValue><ns1:appellationValue ns1:pref="preferred" xml:lang="en">Vue de la ville de Maaslins (Hollande)</ns1:appellationValue></ns1:titleSet></ns1:titleWrap><ns1:inscriptionsWrap><ns1:inscriptions ns1:type="Inschrift"><ns1:inscriptionDescription><ns1:descriptiveNoteValue xml:lang="de">Im Entstehungsprozess: Signiert, datiert und bezeichnet unten links in der Platte: Maaslins JongKind 1862
Bezeichnet unten in der Platte: Paris. Publi&#233; par A. CADART &amp; F. CHEVALIER, Editeurs, Rue Richelieu, 66. // VUE DE LA VILLE DE MAASLINS (Hollande) // Imp. Del&#226;tre. Rue des Feuillantines</ns1:descriptiveNoteValue></ns1:inscriptionDescription></ns1:inscriptions><ns1:inscriptions ns1:type="Inschrift"><ns1:inscriptionDescription><ns1:descriptiveNoteID ns1:type="http://terminology.lido-schema.org/identifier_type/uri">http://www.marquesdecollections.fr/detail.cfm/marque/9354/total/1</ns1:descriptiveNoteID><ns1:descriptiveNoteID ns1:type="http://terminology.lido-schema.org/identifier_type/local_identifier" ns1:source="http://www.marquesdecollections.fr">Lugt 2356</ns1:descriptiveNoteID><ns1:descriptiveNoteValue xml:lang="de">Nachtr&#228;glich aufgebracht: Bezeichnet unten links (mit Bleistift): 6937/2 // D8 IV
Verso unten mittig Stempel von Dr. med. Otto K&#246;hler, Karl-Marx-Stadt / Chemnitz [mit Adresse und Telefonnummer] (ohne Lugt-Nr.)
Verso mittig Stempel der Sammlung Goedeckemeyer, Karben / Frankfurt am Main (ohne Lugt-Nr.)
Verso mittig Stempel des St&#228;delschen Kunstinstituts, Frankfurt am Main (Lugt 2356), mit zugeh&#246;riger Inventarnummer</ns1:descriptiveNoteValue></ns1:inscriptionDescription></ns1:inscriptions></ns1:inscriptionsWrap><ns1:repositoryWrap><ns1:repositorySet ns1:type="http://terminology.lido-schema.org/repositorySet_type/current_repository_or_location"><ns1:repositoryName><ns1:legalBodyID ns1:type="http://terminology.lido-schema.org/identifier_type/uri" ns1:source="ISIL (ISO 15511)">http://ld.zdb-services.de/resource/organisations/DE-MUS-048017</ns1:legalBodyID><ns1:legalBodyName><ns1:appellationValue>St&#228;del Museum, Frankfurt</ns1:appellationValue></ns1:legalBodyName><ns1:legalBodyWeblink>https://www.staedelmuseum.de</ns1:legalBodyWeblink></ns1:repositoryName><ns1:workID ns1:type="Objekt ID">67058 D</ns1:workID><ns1:workID ns1:type="Inventarnummer">67058</ns1:workID><ns1:repositoryLocation><ns1:placeID ns1:type="http://terminology.lido-schema.org/identifier_type/uri" ns1:source="http://d-nb.info/">http://d-nb.info/gnd/4018118-2</ns1:placeID><ns1:namePlaceSet><ns1:appellationValue>Frankfurt am Main</ns1:appellationValue></ns1:namePlaceSet><ns1:placeClassification ns1:type="http://terminology.lido-schema.org/identifier_type/local_identifier"><ns1:conceptID ns1:type="http://terminology.lido-schema.org/identifier_type/local_identifier">Graphische Sammlung</ns1:conceptID><ns1:term xml:lang="de">Anfrage zur Vorlage im Studiensaal der Graphischen Sammlung</ns1:term><ns1:term xml:lang="en">Request for presentation in the study room of the Prints and Drawings Department</ns1:term></ns1:placeClassification></ns1:repositoryLocation></ns1:repositorySet></ns1:repositoryWrap><ns1:objectMeasurementsWrap><ns1:objectMeasurementsSet><ns1:displayObjectMeasurements xml:lang="de">Blatt: 325 x 478 mm</ns1:displayObjectMeasurements><ns1:displayObjectMeasurements xml:lang="en">Blatt: 325 x 478 mm</ns1:displayObjectMeasurements><ns1:objectMeasurements><ns1:measurementsSet><ns1:measurementType xml:lang="de">H&#246;he</ns1:measurementType><ns1:measurementType xml:lang="en">height</ns1:measurementType><ns1:measurementUnit>mm</ns1:measurementUnit><ns1:measurementValue>325</ns1:measurementValue></ns1:measurementsSet><ns1:measurementsSet><ns1:measurementType xml:lang="de">Breite</ns1:measurementType><ns1:measurementType xml:lang="en">width</ns1:measurementType><ns1:measurementUnit>mm</ns1:measurementUnit><ns1:measurementValue>478</ns1:measurementValue></ns1:measurementsSet><ns1:extentMeasurements>Blatt</ns1:extentMeasurements></ns1:objectMeasurements></ns1:objectMeasurementsSet><ns1:objectMeasurementsSet><ns1:displayObjectMeasurements xml:lang="de">Platte: 238 x 325 mm</ns1:displayObjectMeasurements><ns1:displayObjectMeasurements xml:lang="en">Platte: 238 x 325 mm</ns1:displayObjectMeasurements><ns1:objectMeasurements><ns1:measurementsSet><ns1:measurementType xml:lang="de">H&#246;he</ns1:measurementType><ns1:measurementType xml:lang="en">height</ns1:measurementType><ns1:measurementUnit>mm</ns1:measurementUnit><ns1:measurementValue>238</ns1:measurementValue></ns1:measurementsSet><ns1:measurementsSet><ns1:measurementType xml:lang="de">Breite</ns1:measurementType><ns1:measurementType xml:lang="en">width</ns1:measurementType><ns1:measurementUnit>mm</ns1:measurementUnit><ns1:measurementValue>325</ns1:measurementValue></ns1:measurementsSet><ns1:extentMeasurements>Platte</ns1:extentMeasurements></ns1:objectMeasurements></ns1:objectMeasurementsSet><ns1:objectMeasurementsSet><ns1:displayObjectMeasurements xml:lang="de">Chine coll&#233;: 232 x 318 mm</ns1:displayObjectMeasurements><ns1:displayObjectMeasurements xml:lang="en">Chine coll&#233;: 232 x 318 mm</ns1:displayObjectMeasurements><ns1:objectMeasurements><ns1:measurementsSet><ns1:measurementType xml:lang="de">H&#246;he</ns1:measurementType><ns1:measurementType xml:lang="en">height</ns1:measurementType><ns1:measurementUnit>mm</ns1:measurementUnit><ns1:measurementValue>232</ns1:measurementValue></ns1:measurementsSet><ns1:measurementsSet><ns1:measurementType xml:lang="de">Breite</ns1:measurementType><ns1:measurementType xml:lang="en">width</ns1:measurementType><ns1:measurementUnit>mm</ns1:measurementUnit><ns1:measurementValue>318</ns1:measurementValue></ns1:measurementsSet><ns1:extentMeasurements>Chine coll&#233;</ns1:extentMeasurements></ns1:objectMeasurements></ns1:objectMeasurementsSet></ns1:objectMeasurementsWrap></ns1:objectIdentificationWrap><ns1:eventWrap><ns1:eventSet><ns1:event><ns1:eventType><ns1:conceptID ns1:type="http://terminology.lido-schema.org/identifier_type/uri" ns1:source="http://terminology.lido-schema.org/eventType">http://terminology.lido-schema.org/eventType/production</ns1:conceptID><ns1:term xml:lang="en">Production</ns1:term></ns1:eventType><ns1:eventActor ns1:sortorder="1"><ns1:displayActorInRole xml:lang="de">Johan Barthold Jongkind (1819 - 1891)   K&#252;nstler</ns1:displayActorInRole><ns1:displayActorInRole xml:lang="en">Johan Barthold Jongkind (1819 - 1891)   artist</ns1:displayActorInRole><ns1:actorInRole><ns1:actor ns1:type="http://terminology.lido-schema.org/actor_type/person"><ns1:actorID ns1:type="http://terminology.lido-schema.org/identifier_type/uri" ns1:source="http://d-nb.info/" ns1:pref="preferred">http://d-nb.info/gnd/118776398</ns1:actorID><ns1:nameActorSet><ns1:appellationValue xml:lang="de">Jongkind, Johan Barthold</ns1:appellationValue><ns1:appellationValue xml:lang="en">Jongkind, Johan Barthold</ns1:appellationValue></ns1:nameActorSet><ns1:vitalDatesActor><ns1:earliestDate ns1:type="birthDate">1819</ns1:earliestDate><ns1:latestDate ns1:type="deathDate">1891</ns1:latestDate></ns1:vitalDatesActor></ns1:actor><ns1:roleActor><ns1:conceptID ns1:type="http://terminology.lido-schema.org/identifier_type/uri" ns1:source="http://d-nb.info/" ns1:pref="preferred">http://d-nb.info/gnd/4033423-5</ns1:conceptID><ns1:term xml:lang="de">K&#252;nstler</ns1:term><ns1:term xml:lang="en">artist</ns1:term></ns1:roleActor></ns1:actorInRole></ns1:eventActor><ns1:eventActor ns1:sortorder="2"><ns1:displayActorInRole xml:lang="de">Auguste Del&#226;tre (1822 - 1907)   Drucker</ns1:displayActorInRole><ns1:displayActorInRole xml:lang="en">Auguste Del&#226;tre (1822 - 1907)   printer</ns1:displayActorInRole><ns1:actorInRole><ns1:actor ns1:type="http://terminology.lido-schema.org/actor_type/person"><ns1:actorID ns1:type="http://terminology.lido-schema.org/identifier_type/uri" ns1:source="http://d-nb.info/" ns1:pref="preferred">http://d-nb.info/gnd/1036570517</ns1:actorID><ns1:nameActorSet><ns1:appellationValue xml:lang="de">Del&#226;tre, Auguste</ns1:appellationValue><ns1:appellationValue xml:lang="en">Del&#226;tre, Auguste</ns1:appellationValue></ns1:nameActorSet></ns1:actor><ns1:roleActor><ns1:conceptID ns1:type="http://terminology.lido-schema.org/identifier_type/uri" ns1:source="http://d-nb.info/" ns1:pref="preferred">http://d-nb.info/gnd/4013091-5</ns1:conceptID><ns1:term xml:lang="de">Drucker</ns1:term><ns1:term xml:lang="en">printer</ns1:term></ns1:roleActor></ns1:actorInRole></ns1:eventActor><ns1:eventActor ns1:sortorder="3"><ns1:displayActorInRole xml:lang="de">A. Cadart &amp; F. Chevalier;   Verleger</ns1:displayActorInRole><ns1:displayActorInRole xml:lang="en">A. Cadart &amp; F. Chevalier;   publisher</ns1:displayActorInRole><ns1:actorInRole><ns1:actor ns1:type="http://terminology.lido-schema.org/actor_type/person"><ns1:nameActorSet><ns1:appellationValue xml:lang="de">A. Cadart &amp; F. Chevalier</ns1:appellationValue><ns1:appellationValue xml:lang="en">A. Cadart &amp; F. Chevalier</ns1:appellationValue></ns1:nameActorSet></ns1:actor><ns1:roleActor><ns1:conceptID ns1:type="http://terminology.lido-schema.org/identifier_type/uri" ns1:source="http://d-nb.info/" ns1:pref="preferred">http://d-nb.info/gnd/4138343-6</ns1:conceptID><ns1:term xml:lang="de">Verleger</ns1:term><ns1:term xml:lang="en">publisher</ns1:term></ns1:roleActor></ns1:actorInRole></ns1:eventActor><ns1:eventDate><ns1:displayDate xml:lang="de">1862</ns1:displayDate><ns1:displayDate xml:lang="en">1862</ns1:displayDate><ns1:date><ns1:earliestDate>1862</ns1:earliestDate><ns1:latestDate>1862</ns1:latestDate></ns1:date></ns1:eventDate><ns1:eventMaterialsTech><ns1:displayMaterialsTech xml:lang="de">Radierung in Schwarz auf Chine coll&#233; auf Velinpapier</ns1:displayMaterialsTech><ns1:materialsTech><ns1:termMaterialsTech ns1:type="http://terminology.lido-schema.org/termMaterialsTech_type/material"><ns1:term xml:lang="de">Velinkarton</ns1:term><ns1:term xml:lang="en">vellum cardboard</ns1:term></ns1:termMaterialsTech><ns1:termMaterialsTech ns1:type="http://terminology.lido-schema.org/termMaterialsTech_type/technique"><ns1:conceptID ns1:type="http://terminology.lido-schema.org/identifier_type/uri" ns1:source="http://d-nb.info/" ns1:pref="preferred">http://d-nb.info/gnd/4048166-9</ns1:conceptID><ns1:term xml:lang="de">Radierung</ns1:term><ns1:term xml:lang="en">etching</ns1:term></ns1:termMaterialsTech></ns1:materialsTech></ns1:eventMaterialsTech><ns1:eventMaterialsTech><ns1:displayMaterialsTech>Nicht vorhanden</ns1:displayMaterialsTech><ns1:materialsTech><ns1:termMaterialsTech ns1:type="http://terminology.lido-schema.org/lido00427"><ns1:term>Nicht vorhanden</ns1:term></ns1:termMaterialsTech></ns1:materialsTech></ns1:eventMaterialsTech></ns1:event></ns1:eventSet><ns1:eventSet><ns1:event><ns1:eventType><ns1:conceptID ns1:type="http://terminology.lido-schema.org/identifier_type/uri" ns1:source="http://terminology.lido-schema.org/eventType">http://terminology.lido-schema.org/eventType/acquisition</ns1:conceptID><ns1:term xml:lang="en">Acquisition</ns1:term></ns1:eventType><ns1:eventDescriptionSet><ns1:descriptiveNoteValue xml:lang="de">Erworben 1975 als Schenkung von Hedwig und Helmut Goedeckemeyer, Eigentum des St&#228;delschen Museums-Vereins e.V.</ns1:descriptiveNoteValue><ns1:descriptiveNoteValue xml:lang="en">Acquired in 1975 as a gift from Hedwig and Helmut Goedeckemeyer, property of St&#228;delscher Museums-Verein e.V.</ns1:descriptiveNoteValue></ns1:eventDescriptionSet></ns1:event></ns1:eventSet></ns1:eventWrap><ns1:objectRelationWrap><ns1:subjectWrap><ns1:subjectSet><ns1:subject><ns1:subjectConcept><ns1:conceptID ns1:type="http://terminology.lido-schema.org/identifier_type/uri" ns1:source="http://iconclass.org" ns1:pref="preferred">http://iconclass.org/25H</ns1:conceptID><ns1:term xml:lang="de">Landschaften</ns1:term><ns1:term xml:lang="en">landscapes</ns1:term></ns1:subjectConcept><ns1:subjectConcept><ns1:conceptID ns1:type="http://terminology.lido-schema.org/identifier_type/uri" ns1:source="http://iconclass.org" ns1:pref="preferred">http://iconclass.org/48C1</ns1:conceptID><ns1:term xml:lang="de">Architektur</ns1:term><ns1:term xml:lang="en">architecture</ns1:term></ns1:subjectConcept><ns1:subjectConcept><ns1:conceptID ns1:type="http://terminology.lido-schema.org/identifier_type/uri" ns1:source="http://iconclass.org" ns1:pref="preferred">http://iconclass.org/31A231</ns1:conceptID><ns1:term xml:lang="de">stehende Figur</ns1:term><ns1:term xml:lang="en">standing figure</ns1:term></ns1:subjectConcept><ns1:subjectConcept><ns1:conceptID ns1:type="http://terminology.lido-schema.org/identifier_type/uri" ns1:source="http://iconclass.org" ns1:pref="preferred">http://iconclass.org/61D(NETHERLANDS)</ns1:conceptID><ns1:term xml:lang="de">Niederlande</ns1:term><ns1:term xml:lang="en">geographical names of countries, regions, mountains, rivers, etc. (NETHERLANDS) (NETHERLANDS)</ns1:term></ns1:subjectConcept><ns1:subjectConcept><ns1:conceptID ns1:type="http://terminology.lido-schema.org/identifier_type/uri" ns1:source="http://iconclass.org" ns1:pref="preferred">http://iconclass.org/61D(HOLLAND)</ns1:conceptID><ns1:term xml:lang="de">Holland</ns1:term><ns1:term xml:lang="en">geographical names of countries, regions, mountains, rivers, etc. (HOLLAND) (HOLLAND)</ns1:term></ns1:subjectConcept><ns1:subjectConcept><ns1:conceptID ns1:type="http://terminology.lido-schema.org/identifier_type/uri" ns1:source="http://iconclass.org" ns1:pref="preferred">http://iconclass.org/61D(S&#220;DHOLLAND)</ns1:conceptID><ns1:term xml:lang="de">S&#252;dholland</ns1:term><ns1:term xml:lang="en">geographical names of countries, regions, mountains, rivers, etc. (S&#220;DHOLLAND) (S&#220;DHOLLAND)</ns1:term></ns1:subjectConcept><ns1:subjectConcept><ns1:conceptID ns1:type="http://terminology.lido-schema.org/identifier_type/uri" ns1:source="http://iconclass.org" ns1:pref="preferred">http://iconclass.org/61E(MAASSLUIS)</ns1:conceptID><ns1:term xml:lang="de">Maassluis</ns1:term><ns1:term xml:lang="en">names of cities and villages (MAASSLUIS)</ns1:term></ns1:subjectConcept><ns1:subjectConcept><ns1:conceptID ns1:type="http://terminology.lido-schema.org/identifier_type/uri" ns1:source="http://iconclass.org" ns1:pref="preferred">http://iconclass.org/61F(GROOTE KERK (Maassluis))</ns1:conceptID><ns1:term xml:lang="de">Groote Kerk (Maassluis)</ns1:term><ns1:term xml:lang="en">names of historical buildings, sites, streets, etc. (GROOTE KERK (Maassluis))</ns1:term></ns1:subjectConcept><ns1:subjectConcept><ns1:conceptID ns1:type="http://terminology.lido-schema.org/identifier_type/uri" ns1:source="http://d-nb.info/" ns1:pref="preferred">http://d-nb.info/gnd/4034343-1</ns1:conceptID><ns1:conceptID ns1:type="http://terminology.lido-schema.org/identifier_type/local_identifier" ns1:pref="alternative">Motivgattung</ns1:conceptID><ns1:term xml:lang="de">Landschaft</ns1:term><ns1:term xml:lang="en">landscape</ns1:term></ns1:subjectConcept><ns1:subjectConcept><ns1:conceptID ns1:type="http://terminology.lido-schema.org/identifier_type/uri" ns1:source="http://d-nb.info/" ns1:pref="preferred">http://d-nb.info/gnd/4173909-7</ns1:conceptID><ns1:conceptID ns1:type="http://terminology.lido-schema.org/identifier_type/local_identifier" ns1:pref="alternative">Motivgattung</ns1:conceptID><ns1:term xml:lang="de">Personendarstellung</ns1:term><ns1:term xml:lang="en">personal depiction</ns1:term></ns1:subjectConcept><ns1:subjectConcept><ns1:conceptID ns1:type="http://terminology.lido-schema.org/identifier_type/uri" ns1:source="http://d-nb.info/" ns1:pref="preferred">http://d-nb.info/gnd/4002851-3</ns1:conceptID><ns1:conceptID ns1:type="http://terminology.lido-schema.org/identifier_type/local_identifier" ns1:pref="alternative">Motivgattung</ns1:conceptID><ns1:term xml:lang="de">Architektur</ns1:term><ns1:term xml:lang="en">architecture</ns1:term></ns1:subjectConcept><ns1:subjectConcept><ns1:conceptID ns1:type="http://terminology.lido-schema.org/identifier_type/uri" ns1:source="http://d-nb.info/" ns1:pref="preferred">http://d-nb.info/gnd/4042203-3</ns1:conceptID><ns1:conceptID ns1:type="http://terminology.lido-schema.org/identifier_type/local_identifier" ns1:pref="alternative">Bildelement</ns1:conceptID><ns1:term xml:lang="de">Niederlande</ns1:term><ns1:term xml:lang="en">Netherlands</ns1:term></ns1:subjectConcept><ns1:subjectPlace><ns1:displayPlace xml:lang="de">Holland</ns1:displayPlace><ns1:displayPlace xml:lang="en">Holland</ns1:displayPlace><ns1:place><ns1:placeID ns1:type="http://terminology.lido-schema.org/identifier_type/uri" ns1:source="http://d-nb.info/" ns1:pref="preferred">http://d-nb.info/gnd/4133959-9</ns1:placeID><ns1:namePlaceSet><ns1:appellationValue xml:lang="de">Holland</ns1:appellationValue><ns1:appellationValue xml:lang="en">Holland</ns1:appellationValue></ns1:namePlaceSet></ns1:place></ns1:subjectPlace><ns1:subjectPlace><ns1:displayPlace xml:lang="de">Maassluis</ns1:displayPlace><ns1:displayPlace xml:lang="en">Maassluis</ns1:displayPlace><ns1:place><ns1:placeID ns1:type="http://terminology.lido-schema.org/identifier_type/uri" ns1:source="http://d-nb.info/" ns1:pref="preferred">http://d-nb.info/gnd/4235571-0</ns1:placeID><ns1:namePlaceSet><ns1:appellationValue xml:lang="de">Maassluis</ns1:appellationValue><ns1:appellationValue xml:lang="en">Maassluis</ns1:appellationValue></ns1:namePlaceSet></ns1:place></ns1:subjectPlace><ns1:subjectPlace><ns1:displayPlace xml:lang="de">S&#252;dholland</ns1:displayPlace><ns1:displayPlace xml:lang="en">South Holland</ns1:displayPlace><ns1:place><ns1:placeID ns1:type="http://terminology.lido-schema.org/identifier_type/uri" ns1:source="http://d-nb.info/" ns1:pref="preferred">http://d-nb.info/gnd/4078025-9</ns1:placeID><ns1:namePlaceSet><ns1:appellationValue xml:lang="de">S&#252;dholland</ns1:appellationValue><ns1:appellationValue xml:lang="en">South Holland</ns1:appellationValue></ns1:namePlaceSet></ns1:place></ns1:subjectPlace><ns1:subjectPlace><ns1:displayPlace xml:lang="de">Groote Kerk (Maassluis)</ns1:displayPlace><ns1:displayPlace xml:lang="en">Groote Kerk (Maassluis)</ns1:displayPlace><ns1:place><ns1:placeID ns1:type="http://terminology.lido-schema.org/identifier_type/uri" ns1:source="http://d-nb.info/" ns1:pref="preferred">http://d-nb.info/gnd/1042905371</ns1:placeID><ns1:namePlaceSet><ns1:appellationValue xml:lang="de">Groote Kerk (Maassluis)</ns1:appellationValue><ns1:appellationValue xml:lang="en">Groote Kerk (Maassluis)</ns1:appellationValue></ns1:namePlaceSet></ns1:place></ns1:subjectPlace></ns1:subject></ns1:subjectSet></ns1:subjectWrap><ns1:relatedWorksWrap><ns1:relatedWorkSet><ns1:relatedWork><ns1:object><ns1:objectID ns1:type="http://terminology.lido-schema.org/identifier_type/local_identifier">L. Delteil 8 IV (von IV)</ns1:objectID></ns1:object></ns1:relatedWork><ns1:relatedWorkRelType><ns1:conceptID ns1:type="http://terminology.lido-schema.org/identifier_type/uri">http://terminology.lido-schema.org/lido00627</ns1:conceptID><ns1:term xml:lang="en">exemplifies</ns1:term></ns1:relatedWorkRelType></ns1:relatedWorkSet></ns1:relatedWorksWrap></ns1:objectRelationWrap></ns1:descriptiveMetadata><ns1:administrativeMetadata xml:lang="de"><ns1:rightsWorkWrap><ns1:rightsWorkSet><ns1:rightsType><ns1:conceptID ns1:type="http://terminology.lido-schema.org/lido00099">https://creativecommons.org/publicdomain/mark/1.0</ns1:conceptID><ns1:term>Public Domain Mark 1.0</ns1:term></ns1:rightsType><ns1:creditLine>Public Domain</ns1:creditLine></ns1:rightsWorkSet></ns1:rightsWorkWrap><ns1:recordWrap><ns1:recordID ns1:type="http://terminology.lido-schema.org/identifier_type/local_identifier">100803</ns1:recordID><ns1:recordType><ns1:conceptID ns1:type="http://terminology.lido-schema.org/identifier_type/uri" ns1:source="http://terminology.lido-schema.org/recordType">http://terminology.lido-schema.org/recordType/item-level_record</ns1:conceptID><ns1:term xml:lang="de">Einzelobjekt</ns1:term><ns1:term xml:lang="en">Item-level record</ns1:term></ns1:recordType><ns1:recordSource><ns1:legalBodyID ns1:type="http://terminology.lido-schema.org/identifier_type/uri" ns1:source="ISIL (ISO 15511)">http://ld.zdb-services.de/resource/organisations/DE-MUS-048017</ns1:legalBodyID><ns1:legalBodyName><ns1:appellationValue>St&#228;del Museum</ns1:appellationValue></ns1:legalBodyName></ns1:recordSource><ns1:recordRights><ns1:rightsType><ns1:conceptID ns1:type="http://terminology.lido-schema.org/identifier_type/uri" ns1:source="http://creativecommons.org">https://creativecommons.org/publicdomain/zero/1.0/</ns1:conceptID><ns1:term>CC0 1.0 Universal (CC0 1.0)</ns1:term></ns1:rightsType><ns1:rightsHolder><ns1:legalBodyID ns1:type="http://terminology.lido-schema.org/identifier_type/uri" ns1:source="ISIL (ISO 15511)">http://ld.zdb-services.de/resource/organisations/DE-MUS-048017</ns1:legalBodyID><ns1:legalBodyName><ns1:appellationValue>St&#228;del Museum, Frankfurt</ns1:appellationValue></ns1:legalBodyName></ns1:rightsHolder></ns1:recordRights><ns1:recordInfoSet><ns1:recordInfoLink>https://www.staedelmuseum.de/go/ds/67058d</ns1:recordInfoLink></ns1:recordInfoSet></ns1:recordWrap><ns1:resourceWrap><ns1:resourceSet ns1:sortorder="1"><ns1:resourceID ns1:type="http://terminology.lido-schema.org/identifier_type/local_identifier">03eb9bebe041825d8c0477189c47a3f9</ns1:resourceID><ns1:resourceRepresentation ns1:type="http://terminology.lido-schema.org/lido00451"><ns1:linkResource ns1:formatResource="image/jpeg">https://sammlung.staedelmuseum.de/images/100803/thumb-lg.jpg</ns1:linkResource></ns1:resourceRepresentation><ns1:resourceRepresentation ns1:type="http://terminology.lido-schema.org/lido00451"><ns1:linkResource ns1:formatResource="image/jpeg">https://sammlung.staedelmuseum.de/images/100803/thumb-xl.jpg</ns1:linkResource></ns1:resourceRepresentation><ns1:resourceRepresentation ns1:type="http://terminology.lido-schema.org/lido00464"><ns1:linkResource ns1:formatResource="image/png">https://sammlung.staedelmuseum.de/de/werk/vue-de-la-ville-de-maaslins/download?sources=__default__&amp;token=e5904b4804f330e41ddee0032d626000</ns1:linkResource></ns1:resourceRepresentation><ns1:rightsResource><ns1:rightsType><ns1:conceptID ns1:type="http://terminology.lido-schema.org/lido00099">https://creativecommons.org/publicdomain/mark/1.0</ns1:conceptID><ns1:term>Public Domain Mark 1.0</ns1:term></ns1:rightsType><ns1:creditLine>Public Domain</ns1:creditLine></ns1:rightsResource></ns1:resourceSet></ns1:resourceWrap></ns1:administrativeMetadata></ns1:lido></ns1:lidoWrap></ns0:metadata></ns0:record>