<ns0:record xmlns:ns0="http://www.openarchives.org/OAI/2.0/" xmlns:ns1="http://www.lido-schema.org" xmlns:xsi="http://www.w3.org/2001/XMLSchema-instance"><ns0:header><ns0:identifier>oai:DE-MUS-048017:10997z</ns0:identifier><ns0:datestamp>2024-12-20T12:16:53Z</ns0:datestamp><ns0:setSpec>scope:graphics</ns0:setSpec></ns0:header><ns0:metadata><ns1:lidoWrap xsi:schemaLocation="http://www.lido-schema.org http://www.lido-schema.org/schema/v1.0/lido-v1.0.xsd"><ns1:lido><ns1:lidoRecID ns1:type="http://terminology.lido-schema.org/identifier_type/local_identifier" ns1:source="http://ld.zdb-services.de/resource/organisations/DE-MUS-048017">DE-MUS-048017/lido/10997z</ns1:lidoRecID><ns1:objectPublishedID ns1:type="http://terminology.lido-schema.org/identifier_type/local_identifier" ns1:source="http://ld.zdb-services.de/resource/organisations/DE-MUS-048017">DE-MUS-048017/object/10997z</ns1:objectPublishedID><ns1:descriptiveMetadata xml:lang="de"><ns1:objectClassificationWrap><ns1:objectWorkTypeWrap><ns1:objectWorkType><ns1:conceptID ns1:type="http://terminology.lido-schema.org/identifier_type/uri" ns1:source="http://d-nb.info/" ns1:pref="preferred">http://d-nb.info/gnd/4127900-1</ns1:conceptID><ns1:term ns1:pref="preferred" xml:lang="de">Zeichnung</ns1:term><ns1:term ns1:pref="preferred" xml:lang="en">drawing</ns1:term></ns1:objectWorkType><ns1:objectWorkType><ns1:term ns1:pref="alternative" xml:lang="de">Architekturstudie</ns1:term><ns1:term ns1:pref="alternative" xml:lang="en">architecture study</ns1:term></ns1:objectWorkType><ns1:objectWorkType><ns1:term ns1:pref="alternative" xml:lang="de">Reisestudie</ns1:term><ns1:term ns1:pref="alternative" xml:lang="en">travel study</ns1:term></ns1:objectWorkType></ns1:objectWorkTypeWrap><ns1:classificationWrap /></ns1:objectClassificationWrap><ns1:objectIdentificationWrap><ns1:titleWrap><ns1:titleSet ns1:type="http://vocab.getty.edu/aat/300417200"><ns1:appellationValue ns1:pref="preferred" xml:lang="de">Der Zwinger am M&#252;hlacker in Rothenburg ob der Tauber</ns1:appellationValue><ns1:appellationValue ns1:pref="preferred" xml:lang="en">Der Zwinger am M&#252;hlacker in Rothenburg ob der Tauber</ns1:appellationValue></ns1:titleSet></ns1:titleWrap><ns1:inscriptionsWrap><ns1:inscriptions ns1:type="Inschrift"><ns1:inscriptionDescription><ns1:descriptiveNoteValue xml:lang="de">Im Entstehungsprozess: Datiert und bezeichnet unten rechts (mit Bleistift): Der Zwinger am M&#252;hlaker in Rothenburg 17 Juli 1869.
Nummeriert auf der Seite oberhalb der Zeichnung (mit Feder in Schwarz): 1.</ns1:descriptiveNoteValue></ns1:inscriptionDescription></ns1:inscriptions></ns1:inscriptionsWrap><ns1:repositoryWrap><ns1:repositorySet ns1:type="http://terminology.lido-schema.org/repositorySet_type/current_repository_or_location"><ns1:repositoryName><ns1:legalBodyID ns1:type="http://terminology.lido-schema.org/identifier_type/uri" ns1:source="ISIL (ISO 15511)">http://ld.zdb-services.de/resource/organisations/DE-MUS-048017</ns1:legalBodyID><ns1:legalBodyName><ns1:appellationValue>St&#228;del Museum, Frankfurt</ns1:appellationValue></ns1:legalBodyName><ns1:legalBodyWeblink>https://www.staedelmuseum.de</ns1:legalBodyWeblink></ns1:repositoryName><ns1:workID ns1:type="Objekt ID">10997 Z</ns1:workID><ns1:workID ns1:type="Inventarnummer">10997</ns1:workID><ns1:repositoryLocation><ns1:placeID ns1:type="http://terminology.lido-schema.org/identifier_type/uri" ns1:source="http://d-nb.info/">http://d-nb.info/gnd/4018118-2</ns1:placeID><ns1:namePlaceSet><ns1:appellationValue>Frankfurt am Main</ns1:appellationValue></ns1:namePlaceSet><ns1:placeClassification ns1:type="http://terminology.lido-schema.org/identifier_type/local_identifier"><ns1:conceptID ns1:type="http://terminology.lido-schema.org/identifier_type/local_identifier">Graphische Sammlung</ns1:conceptID><ns1:term xml:lang="de">Anfrage zur Vorlage im Studiensaal der Graphischen Sammlung</ns1:term><ns1:term xml:lang="en">Request for presentation in the study room of the Prints and Drawings Department</ns1:term></ns1:placeClassification></ns1:repositoryLocation></ns1:repositorySet></ns1:repositoryWrap><ns1:objectMeasurementsWrap><ns1:objectMeasurementsSet><ns1:displayObjectMeasurements xml:lang="de">Blatt: 120 x 160 mm</ns1:displayObjectMeasurements><ns1:displayObjectMeasurements xml:lang="en">Blatt: 120 x 160 mm</ns1:displayObjectMeasurements><ns1:objectMeasurements><ns1:measurementsSet><ns1:measurementType xml:lang="de">H&#246;he</ns1:measurementType><ns1:measurementType xml:lang="en">height</ns1:measurementType><ns1:measurementUnit>mm</ns1:measurementUnit><ns1:measurementValue>120</ns1:measurementValue></ns1:measurementsSet><ns1:measurementsSet><ns1:measurementType xml:lang="de">Breite</ns1:measurementType><ns1:measurementType xml:lang="en">width</ns1:measurementType><ns1:measurementUnit>mm</ns1:measurementUnit><ns1:measurementValue>160</ns1:measurementValue></ns1:measurementsSet><ns1:extentMeasurements>Blatt</ns1:extentMeasurements></ns1:objectMeasurements></ns1:objectMeasurementsSet></ns1:objectMeasurementsWrap></ns1:objectIdentificationWrap><ns1:eventWrap><ns1:eventSet><ns1:event><ns1:eventType><ns1:conceptID ns1:type="http://terminology.lido-schema.org/identifier_type/uri" ns1:source="http://terminology.lido-schema.org/eventType">http://terminology.lido-schema.org/eventType/production</ns1:conceptID><ns1:term xml:lang="en">Production</ns1:term></ns1:eventType><ns1:eventActor ns1:sortorder="1"><ns1:displayActorInRole xml:lang="de">Carl Theodor Reiffenstein (1820 - 1893)   Zeichner</ns1:displayActorInRole><ns1:displayActorInRole xml:lang="en">Carl Theodor Reiffenstein (1820 - 1893)   draughtsman</ns1:displayActorInRole><ns1:actorInRole><ns1:actor ns1:type="http://terminology.lido-schema.org/actor_type/person"><ns1:actorID ns1:type="http://terminology.lido-schema.org/identifier_type/uri" ns1:source="http://d-nb.info/" ns1:pref="preferred">http://d-nb.info/gnd/118744046</ns1:actorID><ns1:nameActorSet><ns1:appellationValue xml:lang="de">Reiffenstein, Carl Theodor</ns1:appellationValue><ns1:appellationValue xml:lang="en">Reiffenstein, Carl Theodor</ns1:appellationValue></ns1:nameActorSet><ns1:vitalDatesActor><ns1:earliestDate ns1:type="birthDate">1820</ns1:earliestDate><ns1:latestDate ns1:type="deathDate">1893</ns1:latestDate></ns1:vitalDatesActor></ns1:actor><ns1:roleActor><ns1:conceptID ns1:type="http://terminology.lido-schema.org/identifier_type/uri" ns1:source="http://d-nb.info/" ns1:pref="preferred">http://d-nb.info/gnd/4200345-3</ns1:conceptID><ns1:term xml:lang="de">Zeichner</ns1:term><ns1:term xml:lang="en">draughtsman</ns1:term></ns1:roleActor></ns1:actorInRole></ns1:eventActor><ns1:culture><ns1:conceptID ns1:type="http://terminology.lido-schema.org/identifier_type/uri" ns1:source="http://d-nb.info/" ns1:pref="preferred">http://d-nb.info/gnd/4011882-4</ns1:conceptID><ns1:term xml:lang="de">Deutsch</ns1:term><ns1:term xml:lang="en">German</ns1:term></ns1:culture><ns1:eventDate><ns1:displayDate xml:lang="de">17. Juli 1869</ns1:displayDate><ns1:displayDate xml:lang="en">July 17, 1869</ns1:displayDate><ns1:date><ns1:earliestDate>1869-07-17</ns1:earliestDate><ns1:latestDate>1869-07-17</ns1:latestDate></ns1:date></ns1:eventDate><ns1:eventPlace><ns1:displayPlace xml:lang="de">Rothenburg ob der Tauber</ns1:displayPlace><ns1:displayPlace xml:lang="en">Rothenburg ob der Tauber</ns1:displayPlace><ns1:place><ns1:placeID ns1:type="http://terminology.lido-schema.org/identifier_type/uri" ns1:source="http://d-nb.info/" ns1:pref="preferred">http://d-nb.info/gnd/4050698-8</ns1:placeID><ns1:namePlaceSet><ns1:appellationValue xml:lang="de">Rothenburg ob der Tauber</ns1:appellationValue><ns1:appellationValue xml:lang="en">Rothenburg ob der Tauber</ns1:appellationValue></ns1:namePlaceSet></ns1:place></ns1:eventPlace><ns1:eventMaterialsTech><ns1:displayMaterialsTech xml:lang="de">Bleistift, gelbbraun laviert, auf Papier</ns1:displayMaterialsTech><ns1:materialsTech><ns1:termMaterialsTech ns1:type="http://terminology.lido-schema.org/termMaterialsTech_type/material"><ns1:term xml:lang="de">Grafit-Ton-Gemisch</ns1:term><ns1:term xml:lang="en">graphite-clay mixture</ns1:term></ns1:termMaterialsTech><ns1:termMaterialsTech ns1:type="http://terminology.lido-schema.org/termMaterialsTech_type/material"><ns1:conceptID ns1:type="http://terminology.lido-schema.org/identifier_type/uri" ns1:source="http://d-nb.info/" ns1:pref="preferred">http://d-nb.info/gnd/4185528-0</ns1:conceptID><ns1:term xml:lang="de">Tinte</ns1:term><ns1:term xml:lang="en">ink</ns1:term></ns1:termMaterialsTech><ns1:termMaterialsTech ns1:type="http://terminology.lido-schema.org/termMaterialsTech_type/material"><ns1:conceptID ns1:type="http://terminology.lido-schema.org/identifier_type/uri" ns1:source="http://d-nb.info/" ns1:pref="preferred">http://d-nb.info/gnd/4186499-2</ns1:conceptID><ns1:term xml:lang="de">Tusche</ns1:term><ns1:term xml:lang="en">Indian ink</ns1:term></ns1:termMaterialsTech><ns1:termMaterialsTech ns1:type="http://terminology.lido-schema.org/termMaterialsTech_type/material"><ns1:conceptID ns1:type="http://terminology.lido-schema.org/identifier_type/uri" ns1:source="http://d-nb.info/" ns1:pref="preferred">http://d-nb.info/gnd/4044522-7</ns1:conceptID><ns1:term xml:lang="de">Papier</ns1:term><ns1:term xml:lang="en">paper</ns1:term></ns1:termMaterialsTech><ns1:termMaterialsTech ns1:type="http://terminology.lido-schema.org/termMaterialsTech_type/technique"><ns1:conceptID ns1:type="http://terminology.lido-schema.org/identifier_type/uri" ns1:source="http://d-nb.info/" ns1:pref="preferred">http://d-nb.info/gnd/4122084-5</ns1:conceptID><ns1:term xml:lang="de">Bleistiftzeichnung</ns1:term><ns1:term xml:lang="en">pencil drawing</ns1:term></ns1:termMaterialsTech><ns1:termMaterialsTech ns1:type="http://terminology.lido-schema.org/termMaterialsTech_type/technique"><ns1:conceptID ns1:type="http://terminology.lido-schema.org/identifier_type/uri" ns1:source="http://d-nb.info/" ns1:pref="preferred">http://d-nb.info/gnd/4552376-9</ns1:conceptID><ns1:term xml:lang="de">Lavierung</ns1:term><ns1:term xml:lang="en">washing</ns1:term></ns1:termMaterialsTech></ns1:materialsTech></ns1:eventMaterialsTech><ns1:eventMaterialsTech><ns1:displayMaterialsTech>Nicht feststellbar</ns1:displayMaterialsTech><ns1:materialsTech><ns1:termMaterialsTech ns1:type="http://terminology.lido-schema.org/lido00427"><ns1:term>Nicht feststellbar</ns1:term></ns1:termMaterialsTech></ns1:materialsTech></ns1:eventMaterialsTech></ns1:event></ns1:eventSet><ns1:eventSet><ns1:event><ns1:eventType><ns1:conceptID ns1:type="http://terminology.lido-schema.org/identifier_type/uri" ns1:source="http://terminology.lido-schema.org/eventType">http://terminology.lido-schema.org/lido00227</ns1:conceptID><ns1:term xml:lang="en">Provenance</ns1:term></ns1:eventType><ns1:eventDescriptionSet><ns1:descriptiveNoteValue xml:lang="de">Carl Theodor Reiffenstein (1820-1893); vermacht an das St&#228;delsche Kunstinstitut, Frankfurt am Main, 1893</ns1:descriptiveNoteValue><ns1:descriptiveNoteValue xml:lang="en">Carl Theodor Reiffenstein (1820-1893); vermacht an das St&#228;delsche Kunstinstitut, Frankfurt am Main, 1893</ns1:descriptiveNoteValue></ns1:eventDescriptionSet></ns1:event></ns1:eventSet><ns1:eventSet><ns1:event><ns1:eventType><ns1:conceptID ns1:type="http://terminology.lido-schema.org/identifier_type/uri" ns1:source="http://terminology.lido-schema.org/eventType">http://terminology.lido-schema.org/eventType/acquisition</ns1:conceptID><ns1:term xml:lang="en">Acquisition</ns1:term></ns1:eventType><ns1:eventDescriptionSet><ns1:descriptiveNoteValue xml:lang="de">Erworben 1893 als Verm&#228;chtnis des K&#252;nstlers</ns1:descriptiveNoteValue></ns1:eventDescriptionSet></ns1:event></ns1:eventSet></ns1:eventWrap><ns1:objectRelationWrap><ns1:subjectWrap><ns1:subjectSet><ns1:subject><ns1:subjectConcept><ns1:conceptID ns1:type="http://terminology.lido-schema.org/identifier_type/uri" ns1:source="http://iconclass.org" ns1:pref="preferred">http://iconclass.org/45K141</ns1:conceptID><ns1:term xml:lang="de">Stadtmauern</ns1:term><ns1:term xml:lang="en">walls ~ fortified city</ns1:term></ns1:subjectConcept><ns1:subjectConcept><ns1:conceptID ns1:type="http://terminology.lido-schema.org/identifier_type/uri" ns1:source="http://iconclass.org" ns1:pref="preferred">http://iconclass.org/25I1411</ns1:conceptID><ns1:term xml:lang="de">schmaler Weg, Gasse</ns1:term><ns1:term xml:lang="en">lane, alley</ns1:term></ns1:subjectConcept><ns1:subjectConcept><ns1:conceptID ns1:type="http://terminology.lido-schema.org/identifier_type/uri" ns1:source="http://iconclass.org" ns1:pref="preferred">http://iconclass.org/61E(ROTHENBURG OB DER TAUBER)</ns1:conceptID><ns1:term xml:lang="de">Namen von St&#228;dten und D&#246;rfern (ROTHENBURG OB DER TAUBER)</ns1:term><ns1:term xml:lang="en">names of cities and villages (ROTHENBURG OB DER TAUBER)</ns1:term></ns1:subjectConcept><ns1:subjectConcept><ns1:conceptID ns1:type="http://terminology.lido-schema.org/identifier_type/uri" ns1:source="http://d-nb.info/" ns1:pref="preferred">http://d-nb.info/gnd/4002851-3</ns1:conceptID><ns1:conceptID ns1:type="http://terminology.lido-schema.org/identifier_type/local_identifier" ns1:pref="alternative">Motivgattung</ns1:conceptID><ns1:term xml:lang="de">Architektur</ns1:term><ns1:term xml:lang="en">architecture</ns1:term></ns1:subjectConcept><ns1:subjectConcept><ns1:conceptID ns1:type="http://terminology.lido-schema.org/identifier_type/uri" ns1:source="http://d-nb.info/" ns1:pref="preferred">http://d-nb.info/gnd/4126697-3</ns1:conceptID><ns1:conceptID ns1:type="http://terminology.lido-schema.org/identifier_type/local_identifier" ns1:pref="alternative">Motivgattung</ns1:conceptID><ns1:term xml:lang="de">Stadtansicht</ns1:term><ns1:term xml:lang="en">city view</ns1:term></ns1:subjectConcept><ns1:subjectConcept><ns1:conceptID ns1:type="http://terminology.lido-schema.org/identifier_type/uri" ns1:source="http://d-nb.info/" ns1:pref="preferred">http://d-nb.info/gnd/4050698-8</ns1:conceptID><ns1:conceptID ns1:type="http://terminology.lido-schema.org/identifier_type/local_identifier" ns1:pref="alternative">Bildelement</ns1:conceptID><ns1:term xml:lang="de">Rothenburg ob der Tauber</ns1:term><ns1:term xml:lang="en">Rothenburg ob der Tauber</ns1:term></ns1:subjectConcept></ns1:subject></ns1:subjectSet></ns1:subjectWrap><ns1:relatedWorksWrap><ns1:relatedWorkSet><ns1:relatedWork><ns1:object><ns1:objectWebResource>https://www.staedelmuseum.de/go/ds/10950-1106523z</ns1:objectWebResource><ns1:objectID ns1:type="http://terminology.lido-schema.org/identifier_type/local_identifier">DE-MUS-048017/object/10950-1106523z</ns1:objectID><ns1:objectNote xml:lang="de">Klebeb&#228;nde, Band 29, Seite 23</ns1:objectNote><ns1:objectNote xml:lang="en">Klebeb&#228;nde, Band 29, Seite 23</ns1:objectNote></ns1:object></ns1:relatedWork><ns1:relatedWorkRelType><ns1:conceptID ns1:type="http://terminology.lido-schema.org/identifier_type/uri">http://terminology.lido-schema.org/lido00255</ns1:conceptID><ns1:term xml:lang="de">ist physischer Teil von</ns1:term><ns1:term xml:lang="en">is physical part of</ns1:term></ns1:relatedWorkRelType></ns1:relatedWorkSet></ns1:relatedWorksWrap></ns1:objectRelationWrap></ns1:descriptiveMetadata><ns1:administrativeMetadata xml:lang="de"><ns1:rightsWorkWrap><ns1:rightsWorkSet><ns1:rightsType><ns1:conceptID ns1:type="http://terminology.lido-schema.org/lido00099">https://creativecommons.org/publicdomain/mark/1.0</ns1:conceptID><ns1:term>Public Domain Mark 1.0</ns1:term></ns1:rightsType><ns1:creditLine>Public Domain</ns1:creditLine></ns1:rightsWorkSet></ns1:rightsWorkWrap><ns1:recordWrap><ns1:recordID ns1:type="http://terminology.lido-schema.org/identifier_type/local_identifier">31848</ns1:recordID><ns1:recordType><ns1:conceptID ns1:type="http://terminology.lido-schema.org/identifier_type/uri" ns1:source="http://terminology.lido-schema.org/recordType">http://terminology.lido-schema.org/recordType/item-level_record</ns1:conceptID><ns1:term xml:lang="de">Einzelobjekt</ns1:term><ns1:term xml:lang="en">Item-level record</ns1:term></ns1:recordType><ns1:recordSource><ns1:legalBodyID ns1:type="http://terminology.lido-schema.org/identifier_type/uri" ns1:source="ISIL (ISO 15511)">http://ld.zdb-services.de/resource/organisations/DE-MUS-048017</ns1:legalBodyID><ns1:legalBodyName><ns1:appellationValue>St&#228;del Museum</ns1:appellationValue></ns1:legalBodyName></ns1:recordSource><ns1:recordRights><ns1:rightsType><ns1:conceptID ns1:type="http://terminology.lido-schema.org/identifier_type/uri" ns1:source="http://creativecommons.org">https://creativecommons.org/publicdomain/zero/1.0/</ns1:conceptID><ns1:term>CC0 1.0 Universal (CC0 1.0)</ns1:term></ns1:rightsType><ns1:rightsHolder><ns1:legalBodyID ns1:type="http://terminology.lido-schema.org/identifier_type/uri" ns1:source="ISIL (ISO 15511)">http://ld.zdb-services.de/resource/organisations/DE-MUS-048017</ns1:legalBodyID><ns1:legalBodyName><ns1:appellationValue>St&#228;del Museum, Frankfurt</ns1:appellationValue></ns1:legalBodyName></ns1:rightsHolder></ns1:recordRights><ns1:recordInfoSet><ns1:recordInfoLink>https://www.staedelmuseum.de/go/ds/10997z</ns1:recordInfoLink></ns1:recordInfoSet></ns1:recordWrap><ns1:resourceWrap><ns1:resourceSet ns1:sortorder="1"><ns1:resourceID ns1:type="http://terminology.lido-schema.org/identifier_type/local_identifier">db63e698d4380fac947b44edc1de6ae2-2</ns1:resourceID><ns1:resourceRepresentation ns1:type="http://terminology.lido-schema.org/lido00451"><ns1:linkResource ns1:formatResource="image/jpeg">https://sammlung.staedelmuseum.de/images/31848/thumb-lg.jpg</ns1:linkResource></ns1:resourceRepresentation><ns1:resourceRepresentation ns1:type="http://terminology.lido-schema.org/lido00451"><ns1:linkResource ns1:formatResource="image/jpeg">https://sammlung.staedelmuseum.de/images/31848/thumb-xl.jpg</ns1:linkResource></ns1:resourceRepresentation><ns1:resourceRepresentation ns1:type="http://terminology.lido-schema.org/lido00464"><ns1:linkResource ns1:formatResource="image/png">https://sammlung.staedelmuseum.de/de/werk/der-zwinger-am-muehlacker-in-rothenburg-ob-der-tauber/download?sources=__default__&amp;token=334f4631d5fad746d1dbc160a2cd2fb1</ns1:linkResource></ns1:resourceRepresentation><ns1:rightsResource><ns1:rightsType><ns1:conceptID ns1:type="http://terminology.lido-schema.org/lido00099">https://creativecommons.org/publicdomain/mark/1.0</ns1:conceptID><ns1:term>Public Domain Mark 1.0</ns1:term></ns1:rightsType><ns1:creditLine>Public Domain</ns1:creditLine></ns1:rightsResource></ns1:resourceSet></ns1:resourceWrap></ns1:administrativeMetadata></ns1:lido></ns1:lidoWrap></ns0:metadata></ns0:record>