<ns0:record xmlns:ns0="http://www.openarchives.org/OAI/2.0/" xmlns:ns1="http://www.lido-schema.org" xmlns:xsi="http://www.w3.org/2001/XMLSchema-instance"><ns0:header><ns0:identifier>oai:DE-MUS-048017:13336z</ns0:identifier><ns0:datestamp>2024-12-20T11:58:30Z</ns0:datestamp><ns0:setSpec>scope:graphics</ns0:setSpec></ns0:header><ns0:metadata><ns1:lidoWrap xsi:schemaLocation="http://www.lido-schema.org http://www.lido-schema.org/schema/v1.0/lido-v1.0.xsd"><ns1:lido><ns1:lidoRecID ns1:type="http://terminology.lido-schema.org/identifier_type/local_identifier" ns1:source="http://ld.zdb-services.de/resource/organisations/DE-MUS-048017">DE-MUS-048017/lido/13336z</ns1:lidoRecID><ns1:objectPublishedID ns1:type="http://terminology.lido-schema.org/identifier_type/local_identifier" ns1:source="http://ld.zdb-services.de/resource/organisations/DE-MUS-048017">DE-MUS-048017/object/13336z</ns1:objectPublishedID><ns1:descriptiveMetadata xml:lang="de"><ns1:objectClassificationWrap><ns1:objectWorkTypeWrap><ns1:objectWorkType><ns1:conceptID ns1:type="http://terminology.lido-schema.org/identifier_type/uri" ns1:source="http://d-nb.info/" ns1:pref="preferred">http://d-nb.info/gnd/4127900-1</ns1:conceptID><ns1:term ns1:pref="preferred" xml:lang="de">Zeichnung</ns1:term><ns1:term ns1:pref="preferred" xml:lang="en">drawing</ns1:term></ns1:objectWorkType><ns1:objectWorkType><ns1:term ns1:pref="alternative" xml:lang="de">Bildm&#228;&#223;ige Zeichnung</ns1:term><ns1:term ns1:pref="alternative" xml:lang="en">Pictorial drawing</ns1:term></ns1:objectWorkType><ns1:objectWorkType><ns1:term ns1:pref="alternative" xml:lang="de">Vorzeichnung f&#252;r eine Druckgrafik</ns1:term><ns1:term ns1:pref="alternative" xml:lang="en">preliminary drawing for a print</ns1:term></ns1:objectWorkType></ns1:objectWorkTypeWrap><ns1:classificationWrap><ns1:classification ns1:type="Stilepoche"><ns1:conceptID ns1:type="http://terminology.lido-schema.org/identifier_type/uri" ns1:source="http://d-nb.info/" ns1:pref="preferred">http://d-nb.info/gnd/4004541-9</ns1:conceptID><ns1:term xml:lang="de">Barock</ns1:term><ns1:term xml:lang="en">Baroque</ns1:term></ns1:classification></ns1:classificationWrap></ns1:objectClassificationWrap><ns1:objectIdentificationWrap><ns1:titleWrap><ns1:titleSet ns1:type="http://vocab.getty.edu/aat/300417200"><ns1:appellationValue ns1:pref="preferred" xml:lang="de">Lot und seine Familie werden von den Engeln aus Sodom gef&#252;hrt</ns1:appellationValue><ns1:appellationValue ns1:pref="preferred" xml:lang="en">Lot und seine Familie werden von den Engeln aus Sodom gef&#252;hrt</ns1:appellationValue></ns1:titleSet></ns1:titleWrap><ns1:inscriptionsWrap><ns1:inscriptions ns1:type="Inschrift"><ns1:inscriptionDescription><ns1:descriptiveNoteValue xml:lang="de">Im Entstehungsprozess: Signiert unten links (von fremder Hand?, mit der Feder in Braun): Kn&#252;pfer</ns1:descriptiveNoteValue></ns1:inscriptionDescription></ns1:inscriptions><ns1:inscriptions ns1:type="Inschrift"><ns1:inscriptionDescription><ns1:descriptiveNoteID ns1:type="http://terminology.lido-schema.org/identifier_type/uri">http://www.marquesdecollections.fr/detail.cfm/marque/9354</ns1:descriptiveNoteID><ns1:descriptiveNoteID ns1:type="http://terminology.lido-schema.org/identifier_type/local_identifier" ns1:source="http://www.marquesdecollections.fr">Lugt 2356</ns1:descriptiveNoteID><ns1:descriptiveNoteValue xml:lang="de">Nachtr&#228;glich aufgebracht: Verso bezeichnet unten links (mit Bleistift): Sal. de Bray; (mit der Feder in Braun): N 3652; unten rechts (mit der Feder in Braun): de Braai
Verso unten links Stempel des St&#228;delschen Kunstinstituts, Frankfurt am Main (Lugt 2356), mit zugeh&#246;riger Inventarnummer</ns1:descriptiveNoteValue></ns1:inscriptionDescription></ns1:inscriptions></ns1:inscriptionsWrap><ns1:repositoryWrap><ns1:repositorySet ns1:type="http://terminology.lido-schema.org/repositorySet_type/current_repository_or_location"><ns1:repositoryName><ns1:legalBodyID ns1:type="http://terminology.lido-schema.org/identifier_type/uri" ns1:source="ISIL (ISO 15511)">http://ld.zdb-services.de/resource/organisations/DE-MUS-048017</ns1:legalBodyID><ns1:legalBodyName><ns1:appellationValue>St&#228;del Museum, Frankfurt</ns1:appellationValue></ns1:legalBodyName><ns1:legalBodyWeblink>https://www.staedelmuseum.de</ns1:legalBodyWeblink></ns1:repositoryName><ns1:workID ns1:type="Objekt ID">13336 Z</ns1:workID><ns1:workID ns1:type="Inventarnummer">13336</ns1:workID><ns1:repositoryLocation><ns1:placeID ns1:type="http://terminology.lido-schema.org/identifier_type/uri" ns1:source="http://d-nb.info/">http://d-nb.info/gnd/4018118-2</ns1:placeID><ns1:namePlaceSet><ns1:appellationValue>Frankfurt am Main</ns1:appellationValue></ns1:namePlaceSet><ns1:placeClassification ns1:type="http://terminology.lido-schema.org/identifier_type/local_identifier"><ns1:conceptID ns1:type="http://terminology.lido-schema.org/identifier_type/local_identifier">Graphische Sammlung</ns1:conceptID><ns1:term xml:lang="de">Anfrage zur Vorlage im Studiensaal der Graphischen Sammlung</ns1:term><ns1:term xml:lang="en">Request for presentation in the study room of the Prints and Drawings Department</ns1:term></ns1:placeClassification></ns1:repositoryLocation></ns1:repositorySet></ns1:repositoryWrap><ns1:objectMeasurementsWrap><ns1:objectMeasurementsSet><ns1:displayObjectMeasurements xml:lang="de">Blatt: 190 x 199 mm</ns1:displayObjectMeasurements><ns1:displayObjectMeasurements xml:lang="en">Blatt: 190 x 199 mm</ns1:displayObjectMeasurements><ns1:objectMeasurements><ns1:measurementsSet><ns1:measurementType xml:lang="de">H&#246;he</ns1:measurementType><ns1:measurementType xml:lang="en">height</ns1:measurementType><ns1:measurementUnit>mm</ns1:measurementUnit><ns1:measurementValue>190</ns1:measurementValue></ns1:measurementsSet><ns1:measurementsSet><ns1:measurementType xml:lang="de">Breite</ns1:measurementType><ns1:measurementType xml:lang="en">width</ns1:measurementType><ns1:measurementUnit>mm</ns1:measurementUnit><ns1:measurementValue>199</ns1:measurementValue></ns1:measurementsSet><ns1:extentMeasurements>Blatt</ns1:extentMeasurements></ns1:objectMeasurements></ns1:objectMeasurementsSet></ns1:objectMeasurementsWrap></ns1:objectIdentificationWrap><ns1:eventWrap><ns1:eventSet><ns1:event><ns1:eventType><ns1:conceptID ns1:type="http://terminology.lido-schema.org/identifier_type/uri" ns1:source="http://terminology.lido-schema.org/eventType">http://terminology.lido-schema.org/eventType/production</ns1:conceptID><ns1:term xml:lang="en">Production</ns1:term></ns1:eventType><ns1:eventActor ns1:sortorder="1"><ns1:displayActorInRole xml:lang="de">Salomon de Bray (1596 / 1597 - 1664)   ? Zeichner</ns1:displayActorInRole><ns1:displayActorInRole xml:lang="en">Salomon de Bray (1596 / 1597 - 1664)   ? draughtsman</ns1:displayActorInRole><ns1:actorInRole><ns1:actor ns1:type="http://terminology.lido-schema.org/actor_type/person"><ns1:actorID ns1:type="http://terminology.lido-schema.org/identifier_type/uri" ns1:source="http://d-nb.info/" ns1:pref="preferred">http://d-nb.info/gnd/123667437</ns1:actorID><ns1:nameActorSet><ns1:appellationValue xml:lang="de">Bray, Salomon de</ns1:appellationValue><ns1:appellationValue xml:lang="en">Bray, Salomon de</ns1:appellationValue></ns1:nameActorSet><ns1:vitalDatesActor><ns1:earliestDate ns1:type="birthDate">1596</ns1:earliestDate><ns1:latestDate ns1:type="deathDate">1664</ns1:latestDate></ns1:vitalDatesActor></ns1:actor><ns1:roleActor><ns1:conceptID ns1:type="http://terminology.lido-schema.org/identifier_type/uri" ns1:source="http://d-nb.info/" ns1:pref="preferred">http://d-nb.info/gnd/4200345-3</ns1:conceptID><ns1:term xml:lang="de">Zeichner</ns1:term><ns1:term xml:lang="en">draughtsman</ns1:term></ns1:roleActor><ns1:attributionQualifierActor xml:lang="de">fraglich</ns1:attributionQualifierActor><ns1:attributionQualifierActor xml:lang="en">questionable</ns1:attributionQualifierActor></ns1:actorInRole></ns1:eventActor><ns1:eventActor ns1:sortorder="2"><ns1:displayActorInRole xml:lang="de">Nicolaus Kn&#252;pfer (1603 / 1609 - 1655)   Zeichner; abgelehnt, nach Literatur</ns1:displayActorInRole><ns1:displayActorInRole xml:lang="en">Nicolaus Kn&#252;pfer (1603 / 1609 - 1655)   draughtsman; declined, by literature</ns1:displayActorInRole><ns1:actorInRole><ns1:actor ns1:type="http://terminology.lido-schema.org/actor_type/person"><ns1:actorID ns1:type="http://terminology.lido-schema.org/identifier_type/uri" ns1:source="http://d-nb.info/" ns1:pref="preferred">http://d-nb.info/gnd/129704083</ns1:actorID><ns1:nameActorSet><ns1:appellationValue xml:lang="de">Kn&#252;pfer, Nicolaus</ns1:appellationValue><ns1:appellationValue xml:lang="en">Kn&#252;pfer, Nicolaus</ns1:appellationValue></ns1:nameActorSet><ns1:vitalDatesActor><ns1:earliestDate ns1:type="birthDate">1603</ns1:earliestDate><ns1:latestDate ns1:type="deathDate">1655</ns1:latestDate></ns1:vitalDatesActor></ns1:actor><ns1:roleActor><ns1:conceptID ns1:type="http://terminology.lido-schema.org/identifier_type/uri" ns1:source="http://d-nb.info/" ns1:pref="preferred">http://d-nb.info/gnd/4200345-3</ns1:conceptID><ns1:term xml:lang="de">Zeichner</ns1:term><ns1:term xml:lang="en">draughtsman</ns1:term></ns1:roleActor><ns1:attributionQualifierActor xml:lang="de">nach Literatur UND abgelehnt</ns1:attributionQualifierActor><ns1:attributionQualifierActor xml:lang="en">by literature AND declined</ns1:attributionQualifierActor></ns1:actorInRole></ns1:eventActor><ns1:eventActor ns1:sortorder="3"><ns1:displayActorInRole xml:lang="de">Nicolaus Kn&#252;pfer (1603 / 1609 - 1655)   Zeichner; ehemals zugeschrieben</ns1:displayActorInRole><ns1:displayActorInRole xml:lang="en">Nicolaus Kn&#252;pfer (1603 / 1609 - 1655)   draughtsman; formerly attributed</ns1:displayActorInRole><ns1:actorInRole><ns1:actor ns1:type="http://terminology.lido-schema.org/actor_type/person"><ns1:actorID ns1:type="http://terminology.lido-schema.org/identifier_type/uri" ns1:source="http://d-nb.info/" ns1:pref="preferred">http://d-nb.info/gnd/129704083</ns1:actorID><ns1:nameActorSet><ns1:appellationValue xml:lang="de">Kn&#252;pfer, Nicolaus</ns1:appellationValue><ns1:appellationValue xml:lang="en">Kn&#252;pfer, Nicolaus</ns1:appellationValue></ns1:nameActorSet><ns1:vitalDatesActor><ns1:earliestDate ns1:type="birthDate">1603</ns1:earliestDate><ns1:latestDate ns1:type="deathDate">1655</ns1:latestDate></ns1:vitalDatesActor></ns1:actor><ns1:roleActor><ns1:conceptID ns1:type="http://terminology.lido-schema.org/identifier_type/uri" ns1:source="http://d-nb.info/" ns1:pref="preferred">http://d-nb.info/gnd/4200345-3</ns1:conceptID><ns1:term xml:lang="de">Zeichner</ns1:term><ns1:term xml:lang="en">draughtsman</ns1:term></ns1:roleActor><ns1:attributionQualifierActor xml:lang="de">ehemals zugeschrieben</ns1:attributionQualifierActor><ns1:attributionQualifierActor xml:lang="en">formerly attributed</ns1:attributionQualifierActor></ns1:actorInRole></ns1:eventActor><ns1:culture><ns1:term xml:lang="de">Niederl&#228;ndisch</ns1:term><ns1:term xml:lang="en">Netherlandish</ns1:term></ns1:culture><ns1:eventMaterialsTech><ns1:displayMaterialsTech xml:lang="de">Pinsel in Braun und Grau sowie Feder in Schwarz &#252;ber grauem Stift, allseitige Einfassungslinie in Schwarz, auf geripptem B&#252;ttenpapier, mit geschw&#228;rztem Verso</ns1:displayMaterialsTech><ns1:materialsTech><ns1:termMaterialsTech ns1:type="http://terminology.lido-schema.org/termMaterialsTech_type/material"><ns1:conceptID ns1:type="http://terminology.lido-schema.org/identifier_type/uri" ns1:source="http://d-nb.info/" ns1:pref="preferred">http://d-nb.info/gnd/4185528-0</ns1:conceptID><ns1:term xml:lang="de">Tinte</ns1:term><ns1:term xml:lang="en">ink</ns1:term></ns1:termMaterialsTech><ns1:termMaterialsTech ns1:type="http://terminology.lido-schema.org/termMaterialsTech_type/material"><ns1:conceptID ns1:type="http://terminology.lido-schema.org/identifier_type/uri" ns1:source="http://d-nb.info/" ns1:pref="preferred">http://d-nb.info/gnd/4186499-2</ns1:conceptID><ns1:term xml:lang="de">Tusche</ns1:term><ns1:term xml:lang="en">Indian ink</ns1:term></ns1:termMaterialsTech><ns1:termMaterialsTech ns1:type="http://terminology.lido-schema.org/termMaterialsTech_type/material"><ns1:conceptID ns1:type="http://terminology.lido-schema.org/identifier_type/uri" ns1:source="http://d-nb.info/" ns1:pref="preferred">http://d-nb.info/gnd/4158067-9</ns1:conceptID><ns1:term xml:lang="de">Grafit</ns1:term><ns1:term xml:lang="en">graphite</ns1:term></ns1:termMaterialsTech><ns1:termMaterialsTech ns1:type="http://terminology.lido-schema.org/termMaterialsTech_type/material"><ns1:conceptID ns1:type="http://terminology.lido-schema.org/identifier_type/uri" ns1:source="http://d-nb.info/" ns1:pref="preferred">http://d-nb.info/gnd/4165590-4</ns1:conceptID><ns1:term xml:lang="de">Kreide</ns1:term><ns1:term xml:lang="en">chalk</ns1:term></ns1:termMaterialsTech><ns1:termMaterialsTech ns1:type="http://terminology.lido-schema.org/termMaterialsTech_type/material"><ns1:term xml:lang="de">Verg&#233;papier</ns1:term><ns1:term xml:lang="en">Verg&#233; paper</ns1:term></ns1:termMaterialsTech><ns1:termMaterialsTech ns1:type="http://terminology.lido-schema.org/termMaterialsTech_type/material"><ns1:conceptID ns1:type="http://terminology.lido-schema.org/identifier_type/uri" ns1:source="http://d-nb.info/" ns1:pref="preferred">http://d-nb.info/gnd/4247486-3</ns1:conceptID><ns1:term xml:lang="de">B&#252;ttenpapier</ns1:term><ns1:term xml:lang="en">handmade paper</ns1:term></ns1:termMaterialsTech><ns1:termMaterialsTech ns1:type="http://terminology.lido-schema.org/termMaterialsTech_type/technique"><ns1:conceptID ns1:type="http://terminology.lido-schema.org/identifier_type/uri" ns1:source="http://d-nb.info/" ns1:pref="preferred">http://d-nb.info/gnd/4257614-3</ns1:conceptID><ns1:term xml:lang="de">Pinselzeichnung</ns1:term><ns1:term xml:lang="en">brush drawing</ns1:term></ns1:termMaterialsTech><ns1:termMaterialsTech ns1:type="http://terminology.lido-schema.org/termMaterialsTech_type/technique"><ns1:conceptID ns1:type="http://terminology.lido-schema.org/identifier_type/uri" ns1:source="http://d-nb.info/" ns1:pref="preferred">http://d-nb.info/gnd/4127475-1</ns1:conceptID><ns1:term xml:lang="de">Federzeichnung</ns1:term><ns1:term xml:lang="en">pen drawing</ns1:term></ns1:termMaterialsTech><ns1:termMaterialsTech ns1:type="http://terminology.lido-schema.org/termMaterialsTech_type/technique"><ns1:term xml:lang="de">Stiftzeichnung</ns1:term><ns1:term xml:lang="en">pencil drawing</ns1:term></ns1:termMaterialsTech><ns1:termMaterialsTech ns1:type="http://terminology.lido-schema.org/termMaterialsTech_type/technique"><ns1:conceptID ns1:type="http://terminology.lido-schema.org/identifier_type/uri" ns1:source="http://d-nb.info/" ns1:pref="preferred">http://d-nb.info/gnd/4121035-9</ns1:conceptID><ns1:term xml:lang="de">Grafitstiftzeichnung</ns1:term><ns1:term xml:lang="en">graphite drawing</ns1:term></ns1:termMaterialsTech><ns1:termMaterialsTech ns1:type="http://terminology.lido-schema.org/termMaterialsTech_type/technique"><ns1:conceptID ns1:type="http://terminology.lido-schema.org/identifier_type/uri" ns1:source="http://d-nb.info/" ns1:pref="preferred">http://d-nb.info/gnd/4205888-0</ns1:conceptID><ns1:term xml:lang="de">Kreidezeichnung</ns1:term><ns1:term xml:lang="en">chalk drawing</ns1:term></ns1:termMaterialsTech><ns1:termMaterialsTech ns1:type="http://terminology.lido-schema.org/termMaterialsTech_type/technique"><ns1:term xml:lang="de">Calco</ns1:term><ns1:term xml:lang="en">Calco</ns1:term></ns1:termMaterialsTech></ns1:materialsTech></ns1:eventMaterialsTech><ns1:eventMaterialsTech><ns1:displayMaterialsTech>Nicht gepr&#252;ft</ns1:displayMaterialsTech><ns1:materialsTech><ns1:termMaterialsTech ns1:type="http://terminology.lido-schema.org/lido00427"><ns1:term>Nicht gepr&#252;ft</ns1:term></ns1:termMaterialsTech></ns1:materialsTech></ns1:eventMaterialsTech></ns1:event></ns1:eventSet><ns1:eventSet><ns1:event><ns1:eventType><ns1:conceptID ns1:type="http://terminology.lido-schema.org/identifier_type/uri" ns1:source="http://terminology.lido-schema.org/eventType">http://terminology.lido-schema.org/eventType/acquisition</ns1:conceptID><ns1:term xml:lang="en">Acquisition</ns1:term></ns1:eventType><ns1:eventDescriptionSet><ns1:descriptiveNoteValue xml:lang="de">Erworben 1908</ns1:descriptiveNoteValue><ns1:descriptiveNoteValue xml:lang="en">Acquired in 1908</ns1:descriptiveNoteValue></ns1:eventDescriptionSet></ns1:event></ns1:eventSet></ns1:eventWrap><ns1:objectRelationWrap><ns1:subjectWrap><ns1:subjectSet><ns1:subject><ns1:subjectConcept><ns1:conceptID ns1:type="http://terminology.lido-schema.org/identifier_type/uri" ns1:source="http://iconclass.org" ns1:pref="preferred">http://iconclass.org/71C12342</ns1:conceptID><ns1:term xml:lang="de">die Engel dr&#228;ngen Lot, die Stadt schnell zu verlassen</ns1:term><ns1:term xml:lang="en">the angels urge Lot to hurry in leaving the city</ns1:term></ns1:subjectConcept><ns1:subjectConcept><ns1:conceptID ns1:type="http://terminology.lido-schema.org/identifier_type/local_identifier" ns1:pref="alternative">Motivgattung</ns1:conceptID><ns1:term xml:lang="de">Historie</ns1:term><ns1:term xml:lang="en">historical narration</ns1:term></ns1:subjectConcept><ns1:subjectConcept><ns1:conceptID ns1:type="http://terminology.lido-schema.org/identifier_type/local_identifier" ns1:pref="alternative">Motivgattung</ns1:conceptID><ns1:term xml:lang="de">Biblische Darstellung</ns1:term><ns1:term xml:lang="en">Biblical portrayal</ns1:term></ns1:subjectConcept><ns1:subjectActor><ns1:displayActor xml:lang="de">Lot</ns1:displayActor><ns1:displayActor xml:lang="en">Lot</ns1:displayActor><ns1:actor ns1:type="http://terminology.lido-schema.org/actor_type/person"><ns1:actorID ns1:type="http://terminology.lido-schema.org/identifier_type/uri" ns1:source="http://d-nb.info/" ns1:pref="preferred">http://d-nb.info/gnd/119435128</ns1:actorID><ns1:nameActorSet><ns1:appellationValue xml:lang="de">Lot</ns1:appellationValue><ns1:appellationValue xml:lang="en">Lot</ns1:appellationValue></ns1:nameActorSet></ns1:actor></ns1:subjectActor></ns1:subject></ns1:subjectSet></ns1:subjectWrap><ns1:relatedWorksWrap><ns1:relatedWorkSet><ns1:relatedWork><ns1:object><ns1:objectID ns1:type="http://terminology.lido-schema.org/identifier_type/local_identifier">Saxton 2005.247.D-R.1</ns1:objectID></ns1:object></ns1:relatedWork><ns1:relatedWorkRelType><ns1:conceptID ns1:type="http://terminology.lido-schema.org/identifier_type/uri">http://terminology.lido-schema.org/lido00627</ns1:conceptID><ns1:term xml:lang="en">exemplifies</ns1:term></ns1:relatedWorkRelType></ns1:relatedWorkSet></ns1:relatedWorksWrap></ns1:objectRelationWrap></ns1:descriptiveMetadata><ns1:administrativeMetadata xml:lang="de"><ns1:rightsWorkWrap><ns1:rightsWorkSet><ns1:rightsType><ns1:conceptID ns1:type="http://terminology.lido-schema.org/lido00099">https://creativecommons.org/publicdomain/mark/1.0</ns1:conceptID><ns1:term>Public Domain Mark 1.0</ns1:term></ns1:rightsType><ns1:creditLine>Public Domain</ns1:creditLine></ns1:rightsWorkSet></ns1:rightsWorkWrap><ns1:recordWrap><ns1:recordID ns1:type="http://terminology.lido-schema.org/identifier_type/local_identifier">13851</ns1:recordID><ns1:recordType><ns1:conceptID ns1:type="http://terminology.lido-schema.org/identifier_type/uri" ns1:source="http://terminology.lido-schema.org/recordType">http://terminology.lido-schema.org/recordType/item-level_record</ns1:conceptID><ns1:term xml:lang="de">Einzelobjekt</ns1:term><ns1:term xml:lang="en">Item-level record</ns1:term></ns1:recordType><ns1:recordSource><ns1:legalBodyID ns1:type="http://terminology.lido-schema.org/identifier_type/uri" ns1:source="ISIL (ISO 15511)">http://ld.zdb-services.de/resource/organisations/DE-MUS-048017</ns1:legalBodyID><ns1:legalBodyName><ns1:appellationValue>St&#228;del Museum</ns1:appellationValue></ns1:legalBodyName></ns1:recordSource><ns1:recordRights><ns1:rightsType><ns1:conceptID ns1:type="http://terminology.lido-schema.org/identifier_type/uri" ns1:source="http://creativecommons.org">https://creativecommons.org/publicdomain/zero/1.0/</ns1:conceptID><ns1:term>CC0 1.0 Universal (CC0 1.0)</ns1:term></ns1:rightsType><ns1:rightsHolder><ns1:legalBodyID ns1:type="http://terminology.lido-schema.org/identifier_type/uri" ns1:source="ISIL (ISO 15511)">http://ld.zdb-services.de/resource/organisations/DE-MUS-048017</ns1:legalBodyID><ns1:legalBodyName><ns1:appellationValue>St&#228;del Museum, Frankfurt</ns1:appellationValue></ns1:legalBodyName></ns1:rightsHolder></ns1:recordRights><ns1:recordInfoSet><ns1:recordInfoLink>https://www.staedelmuseum.de/go/ds/13336z</ns1:recordInfoLink></ns1:recordInfoSet></ns1:recordWrap><ns1:resourceWrap><ns1:resourceSet ns1:sortorder="1"><ns1:resourceID ns1:type="http://terminology.lido-schema.org/identifier_type/local_identifier">82554fffad3e6275ffae8d9196df117d-4</ns1:resourceID><ns1:resourceRepresentation ns1:type="http://terminology.lido-schema.org/lido00451"><ns1:linkResource ns1:formatResource="image/jpeg">https://sammlung.staedelmuseum.de/images/13851/thumb-lg.jpg</ns1:linkResource></ns1:resourceRepresentation><ns1:resourceRepresentation ns1:type="http://terminology.lido-schema.org/lido00451"><ns1:linkResource ns1:formatResource="image/jpeg">https://sammlung.staedelmuseum.de/images/13851/thumb-xl.jpg</ns1:linkResource></ns1:resourceRepresentation><ns1:resourceRepresentation ns1:type="http://terminology.lido-schema.org/lido00464"><ns1:linkResource ns1:formatResource="image/png">https://sammlung.staedelmuseum.de/de/werk/lot-und-seine-familie-werden-von-den-engeln-aus-sodom-gefueh/download?sources=__default__&amp;token=8ffc150bc2dbfee8742592d6dc749978</ns1:linkResource></ns1:resourceRepresentation><ns1:rightsResource><ns1:rightsType><ns1:conceptID ns1:type="http://terminology.lido-schema.org/lido00099">https://creativecommons.org/publicdomain/mark/1.0</ns1:conceptID><ns1:term>Public Domain Mark 1.0</ns1:term></ns1:rightsType><ns1:creditLine>Public Domain</ns1:creditLine></ns1:rightsResource></ns1:resourceSet></ns1:resourceWrap></ns1:administrativeMetadata></ns1:lido></ns1:lidoWrap></ns0:metadata></ns0:record>